national_total,autonomous_communities_and_cities,index_type,indices_and_rates,year,total,quarter
Nacional,,General,Index,2021,135.291,4
Nacional,,General,Index,2021,133.652,3
Nacional,,General,Index,2021,130.937,2
Nacional,,General,Index,2021,127.831,1
Nacional,,General,Quarterly variation rate,2021,1.2,4
Nacional,,General,Quarterly variation rate,2021,2.1,3
Nacional,,General,Quarterly variation rate,2021,2.4,2
Nacional,,General,Quarterly variation rate,2021,0.5,1
Nacional,,General,Annual variation,2021,6.4,4
Nacional,,General,Annual variation,2021,4.2,3
Nacional,,General,Annual variation,2021,3.3,2
Nacional,,General,Annual variation,2021,0.9,1
Nacional,,General,Year-to-date variation rate,2021,6.4,4
Nacional,,General,Year-to-date variation rate,2021,5.1,3
Nacional,,General,Year-to-date variation rate,2021,3.0,2
Nacional,,General,Year-to-date variation rate,2021,0.5,1
Nacional,,New dwelling,Index,2021,148.64,4
Nacional,,New dwelling,Index,2021,145.073,3
Nacional,,New dwelling,Index,2021,141.088,2
Nacional,,New dwelling,Index,2021,139.321,1
Nacional,,New dwelling,Quarterly variation rate,2021,2.5,4
Nacional,,New dwelling,Quarterly variation rate,2021,2.8,3
Nacional,,New dwelling,Quarterly variation rate,2021,1.3,2
Nacional,,New dwelling,Quarterly variation rate,2021,-0.6,1
Nacional,,New dwelling,Annual variation,2021,6.1,4
Nacional,,New dwelling,Annual variation,2021,4.1,3
Nacional,,New dwelling,Annual variation,2021,6.0,2
Nacional,,New dwelling,Annual variation,2021,2.3,1
Nacional,,New dwelling,Year-to-date variation rate,2021,6.1,4
Nacional,,New dwelling,Year-to-date variation rate,2021,3.5,3
Nacional,,New dwelling,Year-to-date variation rate,2021,0.7,2
Nacional,,New dwelling,Year-to-date variation rate,2021,-0.6,1
Nacional,,Second-hand dwelling,Index,2021,133.292,4
Nacional,,Second-hand dwelling,Index,2021,132.009,3
Nacional,,Second-hand dwelling,Index,2021,129.522,2
Nacional,,Second-hand dwelling,Index,2021,126.153,1
Nacional,,Second-hand dwelling,Quarterly variation rate,2021,1.0,4
Nacional,,Second-hand dwelling,Quarterly variation rate,2021,1.9,3
Nacional,,Second-hand dwelling,Quarterly variation rate,2021,2.7,2
Nacional,,Second-hand dwelling,Quarterly variation rate,2021,0.7,1
Nacional,,Second-hand dwelling,Annual variation,2021,6.4,4
Nacional,,Second-hand dwelling,Annual variation,2021,4.3,3
Nacional,,Second-hand dwelling,Annual variation,2021,2.9,2
Nacional,,Second-hand dwelling,Annual variation,2021,0.7,1
Nacional,,Second-hand dwelling,Year-to-date variation rate,2021,6.4,4
Nacional,,Second-hand dwelling,Year-to-date variation rate,2021,5.4,3
Nacional,,Second-hand dwelling,Year-to-date variation rate,2021,3.4,2
Nacional,,Second-hand dwelling,Year-to-date variation rate,2021,0.7,1
Nacional,01 Andalucía,General,Index,2021,130.178,4
Nacional,01 Andalucía,General,Index,2021,128.119,3
Nacional,01 Andalucía,General,Index,2021,123.878,2
Nacional,01 Andalucía,General,Index,2021,120.217,1
Nacional,01 Andalucía,General,Quarterly variation rate,2021,1.6,4
Nacional,01 Andalucía,General,Quarterly variation rate,2021,3.4,3
Nacional,01 Andalucía,General,Quarterly variation rate,2021,3.0,2
Nacional,01 Andalucía,General,Quarterly variation rate,2021,-0.2,1
Nacional,01 Andalucía,General,Annual variation,2021,8.0,4
Nacional,01 Andalucía,General,Annual variation,2021,6.0,3
Nacional,01 Andalucía,General,Annual variation,2021,3.6,2
Nacional,01 Andalucía,General,Annual variation,2021,0.7,1
Nacional,01 Andalucía,General,Year-to-date variation rate,2021,8.0,4
Nacional,01 Andalucía,General,Year-to-date variation rate,2021,6.3,3
Nacional,01 Andalucía,General,Year-to-date variation rate,2021,2.8,2
Nacional,01 Andalucía,General,Year-to-date variation rate,2021,-0.2,1
Nacional,01 Andalucía,New dwelling,Index,2021,151.316,4
Nacional,01 Andalucía,New dwelling,Index,2021,148.697,3
Nacional,01 Andalucía,New dwelling,Index,2021,141.129,2
Nacional,01 Andalucía,New dwelling,Index,2021,138.982,1
Nacional,01 Andalucía,New dwelling,Quarterly variation rate,2021,1.8,4
Nacional,01 Andalucía,New dwelling,Quarterly variation rate,2021,5.4,3
Nacional,01 Andalucía,New dwelling,Quarterly variation rate,2021,1.5,2
Nacional,01 Andalucía,New dwelling,Quarterly variation rate,2021,-1.2,1
Nacional,01 Andalucía,New dwelling,Annual variation,2021,7.6,4
Nacional,01 Andalucía,New dwelling,Annual variation,2021,7.0,3
Nacional,01 Andalucía,New dwelling,Annual variation,2021,5.6,2
Nacional,01 Andalucía,New dwelling,Annual variation,2021,6.2,1
Nacional,01 Andalucía,New dwelling,Year-to-date variation rate,2021,7.6,4
Nacional,01 Andalucía,New dwelling,Year-to-date variation rate,2021,5.7,3
Nacional,01 Andalucía,New dwelling,Year-to-date variation rate,2021,0.3,2
Nacional,01 Andalucía,New dwelling,Year-to-date variation rate,2021,-1.2,1
Nacional,01 Andalucía,Second-hand dwelling,Index,2021,127.633,4
Nacional,01 Andalucía,Second-hand dwelling,Index,2021,125.653,3
Nacional,01 Andalucía,Second-hand dwelling,Index,2021,121.954,2
Nacional,01 Andalucía,Second-hand dwelling,Index,2021,117.998,1
Nacional,01 Andalucía,Second-hand dwelling,Quarterly variation rate,2021,1.6,4
Nacional,01 Andalucía,Second-hand dwelling,Quarterly variation rate,2021,3.0,3
Nacional,01 Andalucía,Second-hand dwelling,Quarterly variation rate,2021,3.4,2
Nacional,01 Andalucía,Second-hand dwelling,Quarterly variation rate,2021,-0.1,1
Nacional,01 Andalucía,Second-hand dwelling,Annual variation,2021,8.1,4
Nacional,01 Andalucía,Second-hand dwelling,Annual variation,2021,5.9,3
Nacional,01 Andalucía,Second-hand dwelling,Annual variation,2021,3.4,2
Nacional,01 Andalucía,Second-hand dwelling,Annual variation,2021,-0.1,1
Nacional,01 Andalucía,Second-hand dwelling,Year-to-date variation rate,2021,8.1,4
Nacional,01 Andalucía,Second-hand dwelling,Year-to-date variation rate,2021,6.4,3
Nacional,01 Andalucía,Second-hand dwelling,Year-to-date variation rate,2021,3.3,2
Nacional,01 Andalucía,Second-hand dwelling,Year-to-date variation rate,2021,-0.1,1
Nacional,02 Aragón,General,Index,2021,126.951,4
Nacional,02 Aragón,General,Index,2021,125.622,3
Nacional,02 Aragón,General,Index,2021,122.696,2
Nacional,02 Aragón,General,Index,2021,120.807,1
Nacional,02 Aragón,General,Quarterly variation rate,2021,1.1,4
Nacional,02 Aragón,General,Quarterly variation rate,2021,2.4,3
Nacional,02 Aragón,General,Quarterly variation rate,2021,1.6,2
Nacional,02 Aragón,General,Quarterly variation rate,2021,1.2,1
Nacional,02 Aragón,General,Annual variation,2021,6.3,4
Nacional,02 Aragón,General,Annual variation,2021,4.5,3
Nacional,02 Aragón,General,Annual variation,2021,2.5,2
Nacional,02 Aragón,General,Annual variation,2021,1.9,1
Nacional,02 Aragón,General,Year-to-date variation rate,2021,6.3,4
Nacional,02 Aragón,General,Year-to-date variation rate,2021,5.2,3
Nacional,02 Aragón,General,Year-to-date variation rate,2021,2.8,2
Nacional,02 Aragón,General,Year-to-date variation rate,2021,1.2,1
Nacional,02 Aragón,New dwelling,Index,2021,131.674,4
Nacional,02 Aragón,New dwelling,Index,2021,130.261,3
Nacional,02 Aragón,New dwelling,Index,2021,122.963,2
Nacional,02 Aragón,New dwelling,Index,2021,122.415,1
Nacional,02 Aragón,New dwelling,Quarterly variation rate,2021,1.1,4
Nacional,02 Aragón,New dwelling,Quarterly variation rate,2021,5.9,3
Nacional,02 Aragón,New dwelling,Quarterly variation rate,2021,0.4,2
Nacional,02 Aragón,New dwelling,Quarterly variation rate,2021,0.1,1
Nacional,02 Aragón,New dwelling,Annual variation,2021,7.6,4
Nacional,02 Aragón,New dwelling,Annual variation,2021,3.4,3
Nacional,02 Aragón,New dwelling,Annual variation,2021,2.0,2
Nacional,02 Aragón,New dwelling,Annual variation,2021,-0.1,1
Nacional,02 Aragón,New dwelling,Year-to-date variation rate,2021,7.6,4
Nacional,02 Aragón,New dwelling,Year-to-date variation rate,2021,6.5,3
Nacional,02 Aragón,New dwelling,Year-to-date variation rate,2021,0.5,2
Nacional,02 Aragón,New dwelling,Year-to-date variation rate,2021,0.1,1
Nacional,02 Aragón,Second-hand dwelling,Index,2021,125.611,4
Nacional,02 Aragón,Second-hand dwelling,Index,2021,124.307,3
Nacional,02 Aragón,Second-hand dwelling,Index,2021,122.725,2
Nacional,02 Aragón,Second-hand dwelling,Index,2021,120.421,1
Nacional,02 Aragón,Second-hand dwelling,Quarterly variation rate,2021,1.0,4
Nacional,02 Aragón,Second-hand dwelling,Quarterly variation rate,2021,1.3,3
Nacional,02 Aragón,Second-hand dwelling,Quarterly variation rate,2021,1.9,2
Nacional,02 Aragón,Second-hand dwelling,Quarterly variation rate,2021,1.5,1
Nacional,02 Aragón,Second-hand dwelling,Annual variation,2021,5.9,4
Nacional,02 Aragón,Second-hand dwelling,Annual variation,2021,4.7,3
Nacional,02 Aragón,Second-hand dwelling,Annual variation,2021,2.7,2
Nacional,02 Aragón,Second-hand dwelling,Annual variation,2021,2.5,1
Nacional,02 Aragón,Second-hand dwelling,Year-to-date variation rate,2021,5.9,4
Nacional,02 Aragón,Second-hand dwelling,Year-to-date variation rate,2021,4.8,3
Nacional,02 Aragón,Second-hand dwelling,Year-to-date variation rate,2021,3.5,2
Nacional,02 Aragón,Second-hand dwelling,Year-to-date variation rate,2021,1.5,1
Nacional,03 Asturias. Principado de,General,Index,2021,121.34,4
Nacional,03 Asturias. Principado de,General,Index,2021,119.777,3
Nacional,03 Asturias. Principado de,General,Index,2021,118.855,2
Nacional,03 Asturias. Principado de,General,Index,2021,115.257,1
Nacional,03 Asturias. Principado de,General,Quarterly variation rate,2021,1.3,4
Nacional,03 Asturias. Principado de,General,Quarterly variation rate,2021,0.8,3
Nacional,03 Asturias. Principado de,General,Quarterly variation rate,2021,3.1,2
Nacional,03 Asturias. Principado de,General,Quarterly variation rate,2021,0.8,1
Nacional,03 Asturias. Principado de,General,Annual variation,2021,6.2,4
Nacional,03 Asturias. Principado de,General,Annual variation,2021,4.6,3
Nacional,03 Asturias. Principado de,General,Annual variation,2021,3.6,2
Nacional,03 Asturias. Principado de,General,Annual variation,2021,2.2,1
Nacional,03 Asturias. Principado de,General,Year-to-date variation rate,2021,6.2,4
Nacional,03 Asturias. Principado de,General,Year-to-date variation rate,2021,4.8,3
Nacional,03 Asturias. Principado de,General,Year-to-date variation rate,2021,4.0,2
Nacional,03 Asturias. Principado de,General,Year-to-date variation rate,2021,0.8,1
Nacional,03 Asturias. Principado de,New dwelling,Index,2021,130.903,4
Nacional,03 Asturias. Principado de,New dwelling,Index,2021,129.998,3
Nacional,03 Asturias. Principado de,New dwelling,Index,2021,128.636,2
Nacional,03 Asturias. Principado de,New dwelling,Index,2021,126.47,1
Nacional,03 Asturias. Principado de,New dwelling,Quarterly variation rate,2021,0.7,4
Nacional,03 Asturias. Principado de,New dwelling,Quarterly variation rate,2021,1.1,3
Nacional,03 Asturias. Principado de,New dwelling,Quarterly variation rate,2021,1.7,2
Nacional,03 Asturias. Principado de,New dwelling,Quarterly variation rate,2021,0.5,1
Nacional,03 Asturias. Principado de,New dwelling,Annual variation,2021,4.0,4
Nacional,03 Asturias. Principado de,New dwelling,Annual variation,2021,0.3,3
Nacional,03 Asturias. Principado de,New dwelling,Annual variation,2021,4.1,2
Nacional,03 Asturias. Principado de,New dwelling,Annual variation,2021,2.4,1
Nacional,03 Asturias. Principado de,New dwelling,Year-to-date variation rate,2021,4.0,4
Nacional,03 Asturias. Principado de,New dwelling,Year-to-date variation rate,2021,3.3,3
Nacional,03 Asturias. Principado de,New dwelling,Year-to-date variation rate,2021,2.2,2
Nacional,03 Asturias. Principado de,New dwelling,Year-to-date variation rate,2021,0.5,1
Nacional,03 Asturias. Principado de,Second-hand dwelling,Index,2021,120.03,4
Nacional,03 Asturias. Principado de,Second-hand dwelling,Index,2021,118.359,3
Nacional,03 Asturias. Principado de,Second-hand dwelling,Index,2021,117.505,2
Nacional,03 Asturias. Principado de,Second-hand dwelling,Index,2021,113.674,1
Nacional,03 Asturias. Principado de,Second-hand dwelling,Quarterly variation rate,2021,1.4,4
Nacional,03 Asturias. Principado de,Second-hand dwelling,Quarterly variation rate,2021,0.7,3
Nacional,03 Asturias. Principado de,Second-hand dwelling,Quarterly variation rate,2021,3.4,2
Nacional,03 Asturias. Principado de,Second-hand dwelling,Quarterly variation rate,2021,0.9,1
Nacional,03 Asturias. Principado de,Second-hand dwelling,Annual variation,2021,6.5,4
Nacional,03 Asturias. Principado de,Second-hand dwelling,Annual variation,2021,5.3,3
Nacional,03 Asturias. Principado de,Second-hand dwelling,Annual variation,2021,3.6,2
Nacional,03 Asturias. Principado de,Second-hand dwelling,Annual variation,2021,2.2,1
Nacional,03 Asturias. Principado de,Second-hand dwelling,Year-to-date variation rate,2021,6.5,4
Nacional,03 Asturias. Principado de,Second-hand dwelling,Year-to-date variation rate,2021,5.0,3
Nacional,03 Asturias. Principado de,Second-hand dwelling,Year-to-date variation rate,2021,4.3,2
Nacional,03 Asturias. Principado de,Second-hand dwelling,Year-to-date variation rate,2021,0.9,1
Nacional,04 Balears. Illes,General,Index,2021,149.462,4
Nacional,04 Balears. Illes,General,Index,2021,147.791,3
Nacional,04 Balears. Illes,General,Index,2021,141.694,2
Nacional,04 Balears. Illes,General,Index,2021,136.265,1
Nacional,04 Balears. Illes,General,Quarterly variation rate,2021,1.1,4
Nacional,04 Balears. Illes,General,Quarterly variation rate,2021,4.3,3
Nacional,04 Balears. Illes,General,Quarterly variation rate,2021,4.0,2
Nacional,04 Balears. Illes,General,Quarterly variation rate,2021,-0.1,1
Nacional,04 Balears. Illes,General,Annual variation,2021,9.6,4
Nacional,04 Balears. Illes,General,Annual variation,2021,6.8,3
Nacional,04 Balears. Illes,General,Annual variation,2021,5.7,2
Nacional,04 Balears. Illes,General,Annual variation,2021,1.1,1
Nacional,04 Balears. Illes,General,Year-to-date variation rate,2021,9.6,4
Nacional,04 Balears. Illes,General,Year-to-date variation rate,2021,8.4,3
Nacional,04 Balears. Illes,General,Year-to-date variation rate,2021,3.9,2
Nacional,04 Balears. Illes,General,Year-to-date variation rate,2021,-0.1,1
Nacional,04 Balears. Illes,New dwelling,Index,2021,160.667,4
Nacional,04 Balears. Illes,New dwelling,Index,2021,155.844,3
Nacional,04 Balears. Illes,New dwelling,Index,2021,147.838,2
Nacional,04 Balears. Illes,New dwelling,Index,2021,147.196,1
Nacional,04 Balears. Illes,New dwelling,Quarterly variation rate,2021,3.1,4
Nacional,04 Balears. Illes,New dwelling,Quarterly variation rate,2021,5.4,3
Nacional,04 Balears. Illes,New dwelling,Quarterly variation rate,2021,0.4,2
Nacional,04 Balears. Illes,New dwelling,Quarterly variation rate,2021,-2.0,1
Nacional,04 Balears. Illes,New dwelling,Annual variation,2021,7.0,4
Nacional,04 Balears. Illes,New dwelling,Annual variation,2021,7.2,3
Nacional,04 Balears. Illes,New dwelling,Annual variation,2021,9.5,2
Nacional,04 Balears. Illes,New dwelling,Annual variation,2021,5.7,1
Nacional,04 Balears. Illes,New dwelling,Year-to-date variation rate,2021,7.0,4
Nacional,04 Balears. Illes,New dwelling,Year-to-date variation rate,2021,3.8,3
Nacional,04 Balears. Illes,New dwelling,Year-to-date variation rate,2021,-1.6,2
Nacional,04 Balears. Illes,New dwelling,Year-to-date variation rate,2021,-2.0,1
Nacional,04 Balears. Illes,Second-hand dwelling,Index,2021,148.86,4
Nacional,04 Balears. Illes,Second-hand dwelling,Index,2021,147.524,3
Nacional,04 Balears. Illes,Second-hand dwelling,Index,2021,141.61,2
Nacional,04 Balears. Illes,Second-hand dwelling,Index,2021,135.638,1
Nacional,04 Balears. Illes,Second-hand dwelling,Quarterly variation rate,2021,0.9,4
Nacional,04 Balears. Illes,Second-hand dwelling,Quarterly variation rate,2021,4.2,3
Nacional,04 Balears. Illes,Second-hand dwelling,Quarterly variation rate,2021,4.4,2
Nacional,04 Balears. Illes,Second-hand dwelling,Quarterly variation rate,2021,0.1,1
Nacional,04 Balears. Illes,Second-hand dwelling,Annual variation,2021,9.9,4
Nacional,04 Balears. Illes,Second-hand dwelling,Annual variation,2021,6.9,3
Nacional,04 Balears. Illes,Second-hand dwelling,Annual variation,2021,5.6,2
Nacional,04 Balears. Illes,Second-hand dwelling,Annual variation,2021,0.8,1
Nacional,04 Balears. Illes,Second-hand dwelling,Year-to-date variation rate,2021,9.9,4
Nacional,04 Balears. Illes,Second-hand dwelling,Year-to-date variation rate,2021,8.9,3
Nacional,04 Balears. Illes,Second-hand dwelling,Year-to-date variation rate,2021,4.5,2
Nacional,04 Balears. Illes,Second-hand dwelling,Year-to-date variation rate,2021,0.1,1
Nacional,05 Canarias,General,Index,2021,128.649,4
Nacional,05 Canarias,General,Index,2021,128.119,3
Nacional,05 Canarias,General,Index,2021,125.239,2
Nacional,05 Canarias,General,Index,2021,121.16,1
Nacional,05 Canarias,General,Quarterly variation rate,2021,0.4,4
Nacional,05 Canarias,General,Quarterly variation rate,2021,2.3,3
Nacional,05 Canarias,General,Quarterly variation rate,2021,3.4,2
Nacional,05 Canarias,General,Quarterly variation rate,2021,1.5,1
Nacional,05 Canarias,General,Annual variation,2021,7.8,4
Nacional,05 Canarias,General,Annual variation,2021,7.0,3
Nacional,05 Canarias,General,Annual variation,2021,6.4,2
Nacional,05 Canarias,General,Annual variation,2021,1.8,1
Nacional,05 Canarias,General,Year-to-date variation rate,2021,7.8,4
Nacional,05 Canarias,General,Year-to-date variation rate,2021,7.4,3
Nacional,05 Canarias,General,Year-to-date variation rate,2021,5.0,2
Nacional,05 Canarias,General,Year-to-date variation rate,2021,1.5,1
Nacional,05 Canarias,New dwelling,Index,2021,138.677,4
Nacional,05 Canarias,New dwelling,Index,2021,138.129,3
Nacional,05 Canarias,New dwelling,Index,2021,135.717,2
Nacional,05 Canarias,New dwelling,Index,2021,130.688,1
Nacional,05 Canarias,New dwelling,Quarterly variation rate,2021,0.4,4
Nacional,05 Canarias,New dwelling,Quarterly variation rate,2021,1.8,3
Nacional,05 Canarias,New dwelling,Quarterly variation rate,2021,3.8,2
Nacional,05 Canarias,New dwelling,Quarterly variation rate,2021,1.0,1
Nacional,05 Canarias,New dwelling,Annual variation,2021,7.1,4
Nacional,05 Canarias,New dwelling,Annual variation,2021,2.4,3
Nacional,05 Canarias,New dwelling,Annual variation,2021,6.5,2
Nacional,05 Canarias,New dwelling,Annual variation,2021,3.1,1
Nacional,05 Canarias,New dwelling,Year-to-date variation rate,2021,7.1,4
Nacional,05 Canarias,New dwelling,Year-to-date variation rate,2021,6.7,3
Nacional,05 Canarias,New dwelling,Year-to-date variation rate,2021,4.9,2
Nacional,05 Canarias,New dwelling,Year-to-date variation rate,2021,1.0,1
Nacional,05 Canarias,Second-hand dwelling,Index,2021,127.73,4
Nacional,05 Canarias,Second-hand dwelling,Index,2021,127.202,3
Nacional,05 Canarias,Second-hand dwelling,Index,2021,124.286,2
Nacional,05 Canarias,Second-hand dwelling,Index,2021,120.288,1
Nacional,05 Canarias,Second-hand dwelling,Quarterly variation rate,2021,0.4,4
Nacional,05 Canarias,Second-hand dwelling,Quarterly variation rate,2021,2.3,3
Nacional,05 Canarias,Second-hand dwelling,Quarterly variation rate,2021,3.3,2
Nacional,05 Canarias,Second-hand dwelling,Quarterly variation rate,2021,1.6,1
Nacional,05 Canarias,Second-hand dwelling,Annual variation,2021,7.9,4
Nacional,05 Canarias,Second-hand dwelling,Annual variation,2021,7.3,3
Nacional,05 Canarias,Second-hand dwelling,Annual variation,2021,6.4,2
Nacional,05 Canarias,Second-hand dwelling,Annual variation,2021,1.7,1
Nacional,05 Canarias,Second-hand dwelling,Year-to-date variation rate,2021,7.9,4
Nacional,05 Canarias,Second-hand dwelling,Year-to-date variation rate,2021,7.4,3
Nacional,05 Canarias,Second-hand dwelling,Year-to-date variation rate,2021,5.0,2
Nacional,05 Canarias,Second-hand dwelling,Year-to-date variation rate,2021,1.6,1
Nacional,06 Cantabria,General,Index,2021,127.541,4
Nacional,06 Cantabria,General,Index,2021,126.327,3
Nacional,06 Cantabria,General,Index,2021,123.708,2
Nacional,06 Cantabria,General,Index,2021,119.634,1
Nacional,06 Cantabria,General,Quarterly variation rate,2021,1.0,4
Nacional,06 Cantabria,General,Quarterly variation rate,2021,2.1,3
Nacional,06 Cantabria,General,Quarterly variation rate,2021,3.4,2
Nacional,06 Cantabria,General,Quarterly variation rate,2021,1.0,1
Nacional,06 Cantabria,General,Annual variation,2021,7.7,4
Nacional,06 Cantabria,General,Annual variation,2021,6.9,3
Nacional,06 Cantabria,General,Annual variation,2021,5.3,2
Nacional,06 Cantabria,General,Annual variation,2021,2.0,1
Nacional,06 Cantabria,General,Year-to-date variation rate,2021,7.7,4
Nacional,06 Cantabria,General,Year-to-date variation rate,2021,6.7,3
Nacional,06 Cantabria,General,Year-to-date variation rate,2021,4.5,2
Nacional,06 Cantabria,General,Year-to-date variation rate,2021,1.0,1
Nacional,06 Cantabria,New dwelling,Index,2021,131.31,4
Nacional,06 Cantabria,New dwelling,Index,2021,130.265,3
Nacional,06 Cantabria,New dwelling,Index,2021,127.052,2
Nacional,06 Cantabria,New dwelling,Index,2021,123.809,1
Nacional,06 Cantabria,New dwelling,Quarterly variation rate,2021,0.8,4
Nacional,06 Cantabria,New dwelling,Quarterly variation rate,2021,2.5,3
Nacional,06 Cantabria,New dwelling,Quarterly variation rate,2021,2.6,2
Nacional,06 Cantabria,New dwelling,Quarterly variation rate,2021,0.3,1
Nacional,06 Cantabria,New dwelling,Annual variation,2021,6.3,4
Nacional,06 Cantabria,New dwelling,Annual variation,2021,2.8,3
Nacional,06 Cantabria,New dwelling,Annual variation,2021,4.3,2
Nacional,06 Cantabria,New dwelling,Annual variation,2021,4.5,1
Nacional,06 Cantabria,New dwelling,Year-to-date variation rate,2021,6.3,4
Nacional,06 Cantabria,New dwelling,Year-to-date variation rate,2021,5.5,3
Nacional,06 Cantabria,New dwelling,Year-to-date variation rate,2021,2.9,2
Nacional,06 Cantabria,New dwelling,Year-to-date variation rate,2021,0.3,1
Nacional,06 Cantabria,Second-hand dwelling,Index,2021,127.087,4
Nacional,06 Cantabria,Second-hand dwelling,Index,2021,125.844,3
Nacional,06 Cantabria,Second-hand dwelling,Index,2021,123.319,2
Nacional,06 Cantabria,Second-hand dwelling,Index,2021,119.102,1
Nacional,06 Cantabria,Second-hand dwelling,Quarterly variation rate,2021,1.0,4
Nacional,06 Cantabria,Second-hand dwelling,Quarterly variation rate,2021,2.0,3
Nacional,06 Cantabria,Second-hand dwelling,Quarterly variation rate,2021,3.5,2
Nacional,06 Cantabria,Second-hand dwelling,Quarterly variation rate,2021,1.2,1
Nacional,06 Cantabria,Second-hand dwelling,Annual variation,2021,7.9,4
Nacional,06 Cantabria,Second-hand dwelling,Annual variation,2021,7.6,3
Nacional,06 Cantabria,Second-hand dwelling,Annual variation,2021,5.5,2
Nacional,06 Cantabria,Second-hand dwelling,Annual variation,2021,1.7,1
Nacional,06 Cantabria,Second-hand dwelling,Year-to-date variation rate,2021,7.9,4
Nacional,06 Cantabria,Second-hand dwelling,Year-to-date variation rate,2021,6.9,3
Nacional,06 Cantabria,Second-hand dwelling,Year-to-date variation rate,2021,4.7,2
Nacional,06 Cantabria,Second-hand dwelling,Year-to-date variation rate,2021,1.2,1
Nacional,07 Castilla y León,General,Index,2021,121.361,4
Nacional,07 Castilla y León,General,Index,2021,120.12,3
Nacional,07 Castilla y León,General,Index,2021,118.515,2
Nacional,07 Castilla y León,General,Index,2021,115.202,1
Nacional,07 Castilla y León,General,Quarterly variation rate,2021,1.0,4
Nacional,07 Castilla y León,General,Quarterly variation rate,2021,1.4,3
Nacional,07 Castilla y León,General,Quarterly variation rate,2021,2.9,2
Nacional,07 Castilla y León,General,Quarterly variation rate,2021,0.0,1
Nacional,07 Castilla y León,General,Annual variation,2021,5.4,4
Nacional,07 Castilla y León,General,Annual variation,2021,4.2,3
Nacional,07 Castilla y León,General,Annual variation,2021,2.6,2
Nacional,07 Castilla y León,General,Annual variation,2021,2.0,1
Nacional,07 Castilla y León,General,Year-to-date variation rate,2021,5.4,4
Nacional,07 Castilla y León,General,Year-to-date variation rate,2021,4.3,3
Nacional,07 Castilla y León,General,Year-to-date variation rate,2021,2.9,2
Nacional,07 Castilla y León,General,Year-to-date variation rate,2021,0.0,1
Nacional,07 Castilla y León,New dwelling,Index,2021,137.652,4
Nacional,07 Castilla y León,New dwelling,Index,2021,136.618,3
Nacional,07 Castilla y León,New dwelling,Index,2021,131.865,2
Nacional,07 Castilla y León,New dwelling,Index,2021,128.779,1
Nacional,07 Castilla y León,New dwelling,Quarterly variation rate,2021,0.8,4
Nacional,07 Castilla y León,New dwelling,Quarterly variation rate,2021,3.6,3
Nacional,07 Castilla y León,New dwelling,Quarterly variation rate,2021,2.4,2
Nacional,07 Castilla y León,New dwelling,Quarterly variation rate,2021,-1.1,1
Nacional,07 Castilla y León,New dwelling,Annual variation,2021,5.7,4
Nacional,07 Castilla y León,New dwelling,Annual variation,2021,3.2,3
Nacional,07 Castilla y León,New dwelling,Annual variation,2021,4.1,2
Nacional,07 Castilla y León,New dwelling,Annual variation,2021,2.7,1
Nacional,07 Castilla y León,New dwelling,Year-to-date variation rate,2021,5.7,4
Nacional,07 Castilla y León,New dwelling,Year-to-date variation rate,2021,4.9,3
Nacional,07 Castilla y León,New dwelling,Year-to-date variation rate,2021,1.3,2
Nacional,07 Castilla y León,New dwelling,Year-to-date variation rate,2021,-1.1,1
Nacional,07 Castilla y León,Second-hand dwelling,Index,2021,119.239,4
Nacional,07 Castilla y León,Second-hand dwelling,Index,2021,117.964,3
Nacional,07 Castilla y León,Second-hand dwelling,Index,2021,116.823,2
Nacional,07 Castilla y León,Second-hand dwelling,Index,2021,113.469,1
Nacional,07 Castilla y León,Second-hand dwelling,Quarterly variation rate,2021,1.1,4
Nacional,07 Castilla y León,Second-hand dwelling,Quarterly variation rate,2021,1.0,3
Nacional,07 Castilla y León,Second-hand dwelling,Quarterly variation rate,2021,3.0,2
Nacional,07 Castilla y León,Second-hand dwelling,Quarterly variation rate,2021,0.2,1
Nacional,07 Castilla y León,Second-hand dwelling,Annual variation,2021,5.3,4
Nacional,07 Castilla y León,Second-hand dwelling,Annual variation,2021,4.4,3
Nacional,07 Castilla y León,Second-hand dwelling,Annual variation,2021,2.4,2
Nacional,07 Castilla y León,Second-hand dwelling,Annual variation,2021,1.9,1
Nacional,07 Castilla y León,Second-hand dwelling,Year-to-date variation rate,2021,5.3,4
Nacional,07 Castilla y León,Second-hand dwelling,Year-to-date variation rate,2021,4.2,3
Nacional,07 Castilla y León,Second-hand dwelling,Year-to-date variation rate,2021,3.2,2
Nacional,07 Castilla y León,Second-hand dwelling,Year-to-date variation rate,2021,0.2,1
Nacional,08 Castilla - La Mancha,General,Index,2021,113.907,4
Nacional,08 Castilla - La Mancha,General,Index,2021,112.94,3
Nacional,08 Castilla - La Mancha,General,Index,2021,111.84,2
Nacional,08 Castilla - La Mancha,General,Index,2021,107.989,1
Nacional,08 Castilla - La Mancha,General,Quarterly variation rate,2021,0.9,4
Nacional,08 Castilla - La Mancha,General,Quarterly variation rate,2021,1.0,3
Nacional,08 Castilla - La Mancha,General,Quarterly variation rate,2021,3.6,2
Nacional,08 Castilla - La Mancha,General,Quarterly variation rate,2021,-1.4,1
Nacional,08 Castilla - La Mancha,General,Annual variation,2021,4.0,4
Nacional,08 Castilla - La Mancha,General,Annual variation,2021,3.0,3
Nacional,08 Castilla - La Mancha,General,Annual variation,2021,2.4,2
Nacional,08 Castilla - La Mancha,General,Annual variation,2021,0.3,1
Nacional,08 Castilla - La Mancha,General,Year-to-date variation rate,2021,4.0,4
Nacional,08 Castilla - La Mancha,General,Year-to-date variation rate,2021,3.1,3
Nacional,08 Castilla - La Mancha,General,Year-to-date variation rate,2021,2.1,2
Nacional,08 Castilla - La Mancha,General,Year-to-date variation rate,2021,-1.4,1
Nacional,08 Castilla - La Mancha,New dwelling,Index,2021,133.327,4
Nacional,08 Castilla - La Mancha,New dwelling,Index,2021,131.663,3
Nacional,08 Castilla - La Mancha,New dwelling,Index,2021,129.535,2
Nacional,08 Castilla - La Mancha,New dwelling,Index,2021,125.52,1
Nacional,08 Castilla - La Mancha,New dwelling,Quarterly variation rate,2021,1.3,4
Nacional,08 Castilla - La Mancha,New dwelling,Quarterly variation rate,2021,1.6,3
Nacional,08 Castilla - La Mancha,New dwelling,Quarterly variation rate,2021,3.2,2
Nacional,08 Castilla - La Mancha,New dwelling,Quarterly variation rate,2021,-1.2,1
Nacional,08 Castilla - La Mancha,New dwelling,Annual variation,2021,5.0,4
Nacional,08 Castilla - La Mancha,New dwelling,Annual variation,2021,0.5,3
Nacional,08 Castilla - La Mancha,New dwelling,Annual variation,2021,1.7,2
Nacional,08 Castilla - La Mancha,New dwelling,Annual variation,2021,-2.1,1
Nacional,08 Castilla - La Mancha,New dwelling,Year-to-date variation rate,2021,5.0,4
Nacional,08 Castilla - La Mancha,New dwelling,Year-to-date variation rate,2021,3.7,3
Nacional,08 Castilla - La Mancha,New dwelling,Year-to-date variation rate,2021,2.0,2
Nacional,08 Castilla - La Mancha,New dwelling,Year-to-date variation rate,2021,-1.2,1
Nacional,08 Castilla - La Mancha,Second-hand dwelling,Index,2021,110.319,4
Nacional,08 Castilla - La Mancha,Second-hand dwelling,Index,2021,109.467,3
Nacional,08 Castilla - La Mancha,Second-hand dwelling,Index,2021,108.535,2
Nacional,08 Castilla - La Mancha,Second-hand dwelling,Index,2021,104.727,1
Nacional,08 Castilla - La Mancha,Second-hand dwelling,Quarterly variation rate,2021,0.8,4
Nacional,08 Castilla - La Mancha,Second-hand dwelling,Quarterly variation rate,2021,0.9,3
Nacional,08 Castilla - La Mancha,Second-hand dwelling,Quarterly variation rate,2021,3.6,2
Nacional,08 Castilla - La Mancha,Second-hand dwelling,Quarterly variation rate,2021,-1.5,1
Nacional,08 Castilla - La Mancha,Second-hand dwelling,Annual variation,2021,3.8,4
Nacional,08 Castilla - La Mancha,Second-hand dwelling,Annual variation,2021,3.5,3
Nacional,08 Castilla - La Mancha,Second-hand dwelling,Annual variation,2021,2.5,2
Nacional,08 Castilla - La Mancha,Second-hand dwelling,Annual variation,2021,0.7,1
Nacional,08 Castilla - La Mancha,Second-hand dwelling,Year-to-date variation rate,2021,3.8,4
Nacional,08 Castilla - La Mancha,Second-hand dwelling,Year-to-date variation rate,2021,3.0,3
Nacional,08 Castilla - La Mancha,Second-hand dwelling,Year-to-date variation rate,2021,2.1,2
Nacional,08 Castilla - La Mancha,Second-hand dwelling,Year-to-date variation rate,2021,-1.5,1
Nacional,09 Cataluña,General,Index,2021,144.743,4
Nacional,09 Cataluña,General,Index,2021,142.94,3
Nacional,09 Cataluña,General,Index,2021,141.133,2
Nacional,09 Cataluña,General,Index,2021,137.675,1
Nacional,09 Cataluña,General,Quarterly variation rate,2021,1.3,4
Nacional,09 Cataluña,General,Quarterly variation rate,2021,1.3,3
Nacional,09 Cataluña,General,Quarterly variation rate,2021,2.5,2
Nacional,09 Cataluña,General,Quarterly variation rate,2021,0.9,1
Nacional,09 Cataluña,General,Annual variation,2021,6.1,4
Nacional,09 Cataluña,General,Annual variation,2021,3.3,3
Nacional,09 Cataluña,General,Annual variation,2021,3.2,2
Nacional,09 Cataluña,General,Annual variation,2021,1.2,1
Nacional,09 Cataluña,General,Year-to-date variation rate,2021,6.1,4
Nacional,09 Cataluña,General,Year-to-date variation rate,2021,4.7,3
Nacional,09 Cataluña,General,Year-to-date variation rate,2021,3.4,2
Nacional,09 Cataluña,General,Year-to-date variation rate,2021,0.9,1
Nacional,09 Cataluña,New dwelling,Index,2021,158.624,4
Nacional,09 Cataluña,New dwelling,Index,2021,153.136,3
Nacional,09 Cataluña,New dwelling,Index,2021,152.409,2
Nacional,09 Cataluña,New dwelling,Index,2021,149.613,1
Nacional,09 Cataluña,New dwelling,Quarterly variation rate,2021,3.6,4
Nacional,09 Cataluña,New dwelling,Quarterly variation rate,2021,0.5,3
Nacional,09 Cataluña,New dwelling,Quarterly variation rate,2021,1.9,2
Nacional,09 Cataluña,New dwelling,Quarterly variation rate,2021,-1.4,1
Nacional,09 Cataluña,New dwelling,Annual variation,2021,4.5,4
Nacional,09 Cataluña,New dwelling,Annual variation,2021,1.8,3
Nacional,09 Cataluña,New dwelling,Annual variation,2021,6.5,2
Nacional,09 Cataluña,New dwelling,Annual variation,2021,2.7,1
Nacional,09 Cataluña,New dwelling,Year-to-date variation rate,2021,4.5,4
Nacional,09 Cataluña,New dwelling,Year-to-date variation rate,2021,0.9,3
Nacional,09 Cataluña,New dwelling,Year-to-date variation rate,2021,0.4,2
Nacional,09 Cataluña,New dwelling,Year-to-date variation rate,2021,-1.4,1
Nacional,09 Cataluña,Second-hand dwelling,Index,2021,143.362,4
Nacional,09 Cataluña,Second-hand dwelling,Index,2021,142.013,3
Nacional,09 Cataluña,Second-hand dwelling,Index,2021,140.067,2
Nacional,09 Cataluña,Second-hand dwelling,Index,2021,136.518,1
Nacional,09 Cataluña,Second-hand dwelling,Quarterly variation rate,2021,0.9,4
Nacional,09 Cataluña,Second-hand dwelling,Quarterly variation rate,2021,1.4,3
Nacional,09 Cataluña,Second-hand dwelling,Quarterly variation rate,2021,2.6,2
Nacional,09 Cataluña,Second-hand dwelling,Quarterly variation rate,2021,1.2,1
Nacional,09 Cataluña,Second-hand dwelling,Annual variation,2021,6.3,4
Nacional,09 Cataluña,Second-hand dwelling,Annual variation,2021,3.5,3
Nacional,09 Cataluña,Second-hand dwelling,Annual variation,2021,2.9,2
Nacional,09 Cataluña,Second-hand dwelling,Annual variation,2021,1.1,1
Nacional,09 Cataluña,Second-hand dwelling,Year-to-date variation rate,2021,6.3,4
Nacional,09 Cataluña,Second-hand dwelling,Year-to-date variation rate,2021,5.3,3
Nacional,09 Cataluña,Second-hand dwelling,Year-to-date variation rate,2021,3.8,2
Nacional,09 Cataluña,Second-hand dwelling,Year-to-date variation rate,2021,1.2,1
Nacional,10 Comunitat Valenciana,General,Index,2021,125.433,4
Nacional,10 Comunitat Valenciana,General,Index,2021,123.52,3
Nacional,10 Comunitat Valenciana,General,Index,2021,121.046,2
Nacional,10 Comunitat Valenciana,General,Index,2021,117.465,1
Nacional,10 Comunitat Valenciana,General,Quarterly variation rate,2021,1.5,4
Nacional,10 Comunitat Valenciana,General,Quarterly variation rate,2021,2.0,3
Nacional,10 Comunitat Valenciana,General,Quarterly variation rate,2021,3.0,2
Nacional,10 Comunitat Valenciana,General,Quarterly variation rate,2021,0.0,1
Nacional,10 Comunitat Valenciana,General,Annual variation,2021,6.8,4
Nacional,10 Comunitat Valenciana,General,Annual variation,2021,5.0,3
Nacional,10 Comunitat Valenciana,General,Annual variation,2021,4.3,2
Nacional,10 Comunitat Valenciana,General,Annual variation,2021,1.2,1
Nacional,10 Comunitat Valenciana,General,Year-to-date variation rate,2021,6.8,4
Nacional,10 Comunitat Valenciana,General,Year-to-date variation rate,2021,5.1,3
Nacional,10 Comunitat Valenciana,General,Year-to-date variation rate,2021,3.0,2
Nacional,10 Comunitat Valenciana,General,Year-to-date variation rate,2021,0.0,1
Nacional,10 Comunitat Valenciana,New dwelling,Index,2021,140.864,4
Nacional,10 Comunitat Valenciana,New dwelling,Index,2021,137.469,3
Nacional,10 Comunitat Valenciana,New dwelling,Index,2021,134.089,2
Nacional,10 Comunitat Valenciana,New dwelling,Index,2021,130.655,1
Nacional,10 Comunitat Valenciana,New dwelling,Quarterly variation rate,2021,2.5,4
Nacional,10 Comunitat Valenciana,New dwelling,Quarterly variation rate,2021,2.5,3
Nacional,10 Comunitat Valenciana,New dwelling,Quarterly variation rate,2021,2.6,2
Nacional,10 Comunitat Valenciana,New dwelling,Quarterly variation rate,2021,-0.7,1
Nacional,10 Comunitat Valenciana,New dwelling,Annual variation,2021,7.1,4
Nacional,10 Comunitat Valenciana,New dwelling,Annual variation,2021,2.3,3
Nacional,10 Comunitat Valenciana,New dwelling,Annual variation,2021,5.3,2
Nacional,10 Comunitat Valenciana,New dwelling,Annual variation,2021,1.2,1
Nacional,10 Comunitat Valenciana,New dwelling,Year-to-date variation rate,2021,7.1,4
Nacional,10 Comunitat Valenciana,New dwelling,Year-to-date variation rate,2021,4.5,3
Nacional,10 Comunitat Valenciana,New dwelling,Year-to-date variation rate,2021,1.9,2
Nacional,10 Comunitat Valenciana,New dwelling,Year-to-date variation rate,2021,-0.7,1
Nacional,10 Comunitat Valenciana,Second-hand dwelling,Index,2021,123.114,4
Nacional,10 Comunitat Valenciana,Second-hand dwelling,Index,2021,121.468,3
Nacional,10 Comunitat Valenciana,Second-hand dwelling,Index,2021,119.151,2
Nacional,10 Comunitat Valenciana,Second-hand dwelling,Index,2021,115.527,1
Nacional,10 Comunitat Valenciana,Second-hand dwelling,Quarterly variation rate,2021,1.4,4
Nacional,10 Comunitat Valenciana,Second-hand dwelling,Quarterly variation rate,2021,1.9,3
Nacional,10 Comunitat Valenciana,Second-hand dwelling,Quarterly variation rate,2021,3.1,2
Nacional,10 Comunitat Valenciana,Second-hand dwelling,Quarterly variation rate,2021,0.1,1
Nacional,10 Comunitat Valenciana,Second-hand dwelling,Annual variation,2021,6.7,4
Nacional,10 Comunitat Valenciana,Second-hand dwelling,Annual variation,2021,5.5,3
Nacional,10 Comunitat Valenciana,Second-hand dwelling,Annual variation,2021,4.2,2
Nacional,10 Comunitat Valenciana,Second-hand dwelling,Annual variation,2021,1.2,1
Nacional,10 Comunitat Valenciana,Second-hand dwelling,Year-to-date variation rate,2021,6.7,4
Nacional,10 Comunitat Valenciana,Second-hand dwelling,Year-to-date variation rate,2021,5.3,3
Nacional,10 Comunitat Valenciana,Second-hand dwelling,Year-to-date variation rate,2021,3.3,2
Nacional,10 Comunitat Valenciana,Second-hand dwelling,Year-to-date variation rate,2021,0.1,1
Nacional,11 Extremadura,General,Index,2021,111.719,4
Nacional,11 Extremadura,General,Index,2021,109.277,3
Nacional,11 Extremadura,General,Index,2021,109.052,2
Nacional,11 Extremadura,General,Index,2021,105.038,1
Nacional,11 Extremadura,General,Quarterly variation rate,2021,2.2,4
Nacional,11 Extremadura,General,Quarterly variation rate,2021,0.2,3
Nacional,11 Extremadura,General,Quarterly variation rate,2021,3.8,2
Nacional,11 Extremadura,General,Quarterly variation rate,2021,-1.4,1
Nacional,11 Extremadura,General,Annual variation,2021,4.9,4
Nacional,11 Extremadura,General,Annual variation,2021,2.9,3
Nacional,11 Extremadura,General,Annual variation,2021,1.7,2
Nacional,11 Extremadura,General,Annual variation,2021,-0.2,1
Nacional,11 Extremadura,General,Year-to-date variation rate,2021,4.9,4
Nacional,11 Extremadura,General,Year-to-date variation rate,2021,2.6,3
Nacional,11 Extremadura,General,Year-to-date variation rate,2021,2.4,2
Nacional,11 Extremadura,General,Year-to-date variation rate,2021,-1.4,1
Nacional,11 Extremadura,New dwelling,Index,2021,138.904,4
Nacional,11 Extremadura,New dwelling,Index,2021,135.487,3
Nacional,11 Extremadura,New dwelling,Index,2021,131.324,2
Nacional,11 Extremadura,New dwelling,Index,2021,129.12,1
Nacional,11 Extremadura,New dwelling,Quarterly variation rate,2021,2.5,4
Nacional,11 Extremadura,New dwelling,Quarterly variation rate,2021,3.2,3
Nacional,11 Extremadura,New dwelling,Quarterly variation rate,2021,1.7,2
Nacional,11 Extremadura,New dwelling,Quarterly variation rate,2021,-1.0,1
Nacional,11 Extremadura,New dwelling,Annual variation,2021,6.5,4
Nacional,11 Extremadura,New dwelling,Annual variation,2021,2.9,3
Nacional,11 Extremadura,New dwelling,Annual variation,2021,2.7,2
Nacional,11 Extremadura,New dwelling,Annual variation,2021,-3.1,1
Nacional,11 Extremadura,New dwelling,Year-to-date variation rate,2021,6.5,4
Nacional,11 Extremadura,New dwelling,Year-to-date variation rate,2021,3.9,3
Nacional,11 Extremadura,New dwelling,Year-to-date variation rate,2021,0.7,2
Nacional,11 Extremadura,New dwelling,Year-to-date variation rate,2021,-1.0,1
Nacional,11 Extremadura,Second-hand dwelling,Index,2021,109.692,4
Nacional,11 Extremadura,Second-hand dwelling,Index,2021,107.317,3
Nacional,11 Extremadura,Second-hand dwelling,Index,2021,107.325,2
Nacional,11 Extremadura,Second-hand dwelling,Index,2021,103.219,1
Nacional,11 Extremadura,Second-hand dwelling,Quarterly variation rate,2021,2.2,4
Nacional,11 Extremadura,Second-hand dwelling,Quarterly variation rate,2021,0.0,3
Nacional,11 Extremadura,Second-hand dwelling,Quarterly variation rate,2021,4.0,2
Nacional,11 Extremadura,Second-hand dwelling,Quarterly variation rate,2021,-1.4,1
Nacional,11 Extremadura,Second-hand dwelling,Annual variation,2021,4.8,4
Nacional,11 Extremadura,Second-hand dwelling,Annual variation,2021,2.9,3
Nacional,11 Extremadura,Second-hand dwelling,Annual variation,2021,1.6,2
Nacional,11 Extremadura,Second-hand dwelling,Annual variation,2021,0.1,1
Nacional,11 Extremadura,Second-hand dwelling,Year-to-date variation rate,2021,4.8,4
Nacional,11 Extremadura,Second-hand dwelling,Year-to-date variation rate,2021,2.5,3
Nacional,11 Extremadura,Second-hand dwelling,Year-to-date variation rate,2021,2.5,2
Nacional,11 Extremadura,Second-hand dwelling,Year-to-date variation rate,2021,-1.4,1
Nacional,12 Galicia,General,Index,2021,122.678,4
Nacional,12 Galicia,General,Index,2021,121.53,3
Nacional,12 Galicia,General,Index,2021,118.952,2
Nacional,12 Galicia,General,Index,2021,115.961,1
Nacional,12 Galicia,General,Quarterly variation rate,2021,0.9,4
Nacional,12 Galicia,General,Quarterly variation rate,2021,2.2,3
Nacional,12 Galicia,General,Quarterly variation rate,2021,2.6,2
Nacional,12 Galicia,General,Quarterly variation rate,2021,1.0,1
Nacional,12 Galicia,General,Annual variation,2021,6.8,4
Nacional,12 Galicia,General,Annual variation,2021,5.8,3
Nacional,12 Galicia,General,Annual variation,2021,3.5,2
Nacional,12 Galicia,General,Annual variation,2021,2.2,1
Nacional,12 Galicia,General,Year-to-date variation rate,2021,6.8,4
Nacional,12 Galicia,General,Year-to-date variation rate,2021,5.8,3
Nacional,12 Galicia,General,Year-to-date variation rate,2021,3.6,2
Nacional,12 Galicia,General,Year-to-date variation rate,2021,1.0,1
Nacional,12 Galicia,New dwelling,Index,2021,139.316,4
Nacional,12 Galicia,New dwelling,Index,2021,138.95,3
Nacional,12 Galicia,New dwelling,Index,2021,134.494,2
Nacional,12 Galicia,New dwelling,Index,2021,132.331,1
Nacional,12 Galicia,New dwelling,Quarterly variation rate,2021,0.3,4
Nacional,12 Galicia,New dwelling,Quarterly variation rate,2021,3.3,3
Nacional,12 Galicia,New dwelling,Quarterly variation rate,2021,1.6,2
Nacional,12 Galicia,New dwelling,Quarterly variation rate,2021,0.9,1
Nacional,12 Galicia,New dwelling,Annual variation,2021,6.3,4
Nacional,12 Galicia,New dwelling,Annual variation,2021,1.6,3
Nacional,12 Galicia,New dwelling,Annual variation,2021,3.5,2
Nacional,12 Galicia,New dwelling,Annual variation,2021,1.7,1
Nacional,12 Galicia,New dwelling,Year-to-date variation rate,2021,6.3,4
Nacional,12 Galicia,New dwelling,Year-to-date variation rate,2021,6.0,3
Nacional,12 Galicia,New dwelling,Year-to-date variation rate,2021,2.6,2
Nacional,12 Galicia,New dwelling,Year-to-date variation rate,2021,0.9,1
Nacional,12 Galicia,Second-hand dwelling,Index,2021,119.625,4
Nacional,12 Galicia,Second-hand dwelling,Index,2021,118.391,3
Nacional,12 Galicia,Second-hand dwelling,Index,2021,116.064,2
Nacional,12 Galicia,Second-hand dwelling,Index,2021,112.997,1
Nacional,12 Galicia,Second-hand dwelling,Quarterly variation rate,2021,1.0,4
Nacional,12 Galicia,Second-hand dwelling,Quarterly variation rate,2021,2.0,3
Nacional,12 Galicia,Second-hand dwelling,Quarterly variation rate,2021,2.7,2
Nacional,12 Galicia,Second-hand dwelling,Quarterly variation rate,2021,1.0,1
Nacional,12 Galicia,Second-hand dwelling,Annual variation,2021,6.9,4
Nacional,12 Galicia,Second-hand dwelling,Annual variation,2021,6.3,3
Nacional,12 Galicia,Second-hand dwelling,Annual variation,2021,3.5,2
Nacional,12 Galicia,Second-hand dwelling,Annual variation,2021,2.3,1
Nacional,12 Galicia,Second-hand dwelling,Year-to-date variation rate,2021,6.9,4
Nacional,12 Galicia,Second-hand dwelling,Year-to-date variation rate,2021,5.8,3
Nacional,12 Galicia,Second-hand dwelling,Year-to-date variation rate,2021,3.7,2
Nacional,12 Galicia,Second-hand dwelling,Year-to-date variation rate,2021,1.0,1
Nacional,13 Madrid. Comunidad de,General,Index,2021,150.345,4
Nacional,13 Madrid. Comunidad de,General,Index,2021,148.701,3
Nacional,13 Madrid. Comunidad de,General,Index,2021,145.849,2
Nacional,13 Madrid. Comunidad de,General,Index,2021,143.929,1
Nacional,13 Madrid. Comunidad de,General,Quarterly variation rate,2021,1.1,4
Nacional,13 Madrid. Comunidad de,General,Quarterly variation rate,2021,2.0,3
Nacional,13 Madrid. Comunidad de,General,Quarterly variation rate,2021,1.3,2
Nacional,13 Madrid. Comunidad de,General,Quarterly variation rate,2021,1.0,1
Nacional,13 Madrid. Comunidad de,General,Annual variation,2021,5.5,4
Nacional,13 Madrid. Comunidad de,General,Annual variation,2021,2.8,3
Nacional,13 Madrid. Comunidad de,General,Annual variation,2021,1.9,2
Nacional,13 Madrid. Comunidad de,General,Annual variation,2021,0.0,1
Nacional,13 Madrid. Comunidad de,General,Year-to-date variation rate,2021,5.5,4
Nacional,13 Madrid. Comunidad de,General,Year-to-date variation rate,2021,4.3,3
Nacional,13 Madrid. Comunidad de,General,Year-to-date variation rate,2021,2.3,2
Nacional,13 Madrid. Comunidad de,General,Year-to-date variation rate,2021,1.0,1
Nacional,13 Madrid. Comunidad de,New dwelling,Index,2021,158.308,4
Nacional,13 Madrid. Comunidad de,New dwelling,Index,2021,153.498,3
Nacional,13 Madrid. Comunidad de,New dwelling,Index,2021,149.29,2
Nacional,13 Madrid. Comunidad de,New dwelling,Index,2021,148.812,1
Nacional,13 Madrid. Comunidad de,New dwelling,Quarterly variation rate,2021,3.1,4
Nacional,13 Madrid. Comunidad de,New dwelling,Quarterly variation rate,2021,2.8,3
Nacional,13 Madrid. Comunidad de,New dwelling,Quarterly variation rate,2021,0.3,2
Nacional,13 Madrid. Comunidad de,New dwelling,Quarterly variation rate,2021,0.0,1
Nacional,13 Madrid. Comunidad de,New dwelling,Annual variation,2021,6.3,4
Nacional,13 Madrid. Comunidad de,New dwelling,Annual variation,2021,6.3,3
Nacional,13 Madrid. Comunidad de,New dwelling,Annual variation,2021,7.3,2
Nacional,13 Madrid. Comunidad de,New dwelling,Annual variation,2021,1.3,1
Nacional,13 Madrid. Comunidad de,New dwelling,Year-to-date variation rate,2021,6.3,4
Nacional,13 Madrid. Comunidad de,New dwelling,Year-to-date variation rate,2021,3.1,3
Nacional,13 Madrid. Comunidad de,New dwelling,Year-to-date variation rate,2021,0.3,2
Nacional,13 Madrid. Comunidad de,New dwelling,Year-to-date variation rate,2021,0.0,1
Nacional,13 Madrid. Comunidad de,Second-hand dwelling,Index,2021,148.062,4
Nacional,13 Madrid. Comunidad de,Second-hand dwelling,Index,2021,147.354,3
Nacional,13 Madrid. Comunidad de,Second-hand dwelling,Index,2021,144.902,2
Nacional,13 Madrid. Comunidad de,Second-hand dwelling,Index,2021,142.555,1
Nacional,13 Madrid. Comunidad de,Second-hand dwelling,Quarterly variation rate,2021,0.5,4
Nacional,13 Madrid. Comunidad de,Second-hand dwelling,Quarterly variation rate,2021,1.7,3
Nacional,13 Madrid. Comunidad de,Second-hand dwelling,Quarterly variation rate,2021,1.6,2
Nacional,13 Madrid. Comunidad de,Second-hand dwelling,Quarterly variation rate,2021,1.3,1
Nacional,13 Madrid. Comunidad de,Second-hand dwelling,Annual variation,2021,5.2,4
Nacional,13 Madrid. Comunidad de,Second-hand dwelling,Annual variation,2021,2.1,3
Nacional,13 Madrid. Comunidad de,Second-hand dwelling,Annual variation,2021,0.8,2
Nacional,13 Madrid. Comunidad de,Second-hand dwelling,Annual variation,2021,-0.3,1
Nacional,13 Madrid. Comunidad de,Second-hand dwelling,Year-to-date variation rate,2021,5.2,4
Nacional,13 Madrid. Comunidad de,Second-hand dwelling,Year-to-date variation rate,2021,4.7,3
Nacional,13 Madrid. Comunidad de,Second-hand dwelling,Year-to-date variation rate,2021,3.0,2
Nacional,13 Madrid. Comunidad de,Second-hand dwelling,Year-to-date variation rate,2021,1.3,1
Nacional,14 Murcia. Región de,General,Index,2021,123.591,4
Nacional,14 Murcia. Región de,General,Index,2021,122.36,3
Nacional,14 Murcia. Región de,General,Index,2021,119.124,2
Nacional,14 Murcia. Región de,General,Index,2021,116.235,1
Nacional,14 Murcia. Región de,General,Quarterly variation rate,2021,1.0,4
Nacional,14 Murcia. Región de,General,Quarterly variation rate,2021,2.7,3
Nacional,14 Murcia. Región de,General,Quarterly variation rate,2021,2.5,2
Nacional,14 Murcia. Región de,General,Quarterly variation rate,2021,0.3,1
Nacional,14 Murcia. Región de,General,Annual variation,2021,6.6,4
Nacional,14 Murcia. Región de,General,Annual variation,2021,6.3,3
Nacional,14 Murcia. Región de,General,Annual variation,2021,4.4,2
Nacional,14 Murcia. Región de,General,Annual variation,2021,3.5,1
Nacional,14 Murcia. Región de,General,Year-to-date variation rate,2021,6.6,4
Nacional,14 Murcia. Región de,General,Year-to-date variation rate,2021,5.6,3
Nacional,14 Murcia. Región de,General,Year-to-date variation rate,2021,2.8,2
Nacional,14 Murcia. Región de,General,Year-to-date variation rate,2021,0.3,1
Nacional,14 Murcia. Región de,New dwelling,Index,2021,147.422,4
Nacional,14 Murcia. Región de,New dwelling,Index,2021,146.555,3
Nacional,14 Murcia. Región de,New dwelling,Index,2021,141.186,2
Nacional,14 Murcia. Región de,New dwelling,Index,2021,136.227,1
Nacional,14 Murcia. Región de,New dwelling,Quarterly variation rate,2021,0.6,4
Nacional,14 Murcia. Región de,New dwelling,Quarterly variation rate,2021,3.8,3
Nacional,14 Murcia. Región de,New dwelling,Quarterly variation rate,2021,3.6,2
Nacional,14 Murcia. Región de,New dwelling,Quarterly variation rate,2021,-0.9,1
Nacional,14 Murcia. Región de,New dwelling,Annual variation,2021,7.3,4
Nacional,14 Murcia. Región de,New dwelling,Annual variation,2021,5.5,3
Nacional,14 Murcia. Región de,New dwelling,Annual variation,2021,6.8,2
Nacional,14 Murcia. Región de,New dwelling,Annual variation,2021,7.2,1
Nacional,14 Murcia. Región de,New dwelling,Year-to-date variation rate,2021,7.3,4
Nacional,14 Murcia. Región de,New dwelling,Year-to-date variation rate,2021,6.7,3
Nacional,14 Murcia. Región de,New dwelling,Year-to-date variation rate,2021,2.8,2
Nacional,14 Murcia. Región de,New dwelling,Year-to-date variation rate,2021,-0.9,1
Nacional,14 Murcia. Región de,Second-hand dwelling,Index,2021,120.332,4
Nacional,14 Murcia. Región de,Second-hand dwelling,Index,2021,119.062,3
Nacional,14 Murcia. Región de,Second-hand dwelling,Index,2021,116.09,2
Nacional,14 Murcia. Región de,Second-hand dwelling,Index,2021,113.455,1
Nacional,14 Murcia. Región de,Second-hand dwelling,Quarterly variation rate,2021,1.1,4
Nacional,14 Murcia. Región de,Second-hand dwelling,Quarterly variation rate,2021,2.6,3
Nacional,14 Murcia. Región de,Second-hand dwelling,Quarterly variation rate,2021,2.3,2
Nacional,14 Murcia. Región de,Second-hand dwelling,Quarterly variation rate,2021,0.4,1
Nacional,14 Murcia. Región de,Second-hand dwelling,Annual variation,2021,6.5,4
Nacional,14 Murcia. Región de,Second-hand dwelling,Annual variation,2021,6.4,3
Nacional,14 Murcia. Región de,Second-hand dwelling,Annual variation,2021,4.0,2
Nacional,14 Murcia. Región de,Second-hand dwelling,Annual variation,2021,3.0,1
Nacional,14 Murcia. Región de,Second-hand dwelling,Year-to-date variation rate,2021,6.5,4
Nacional,14 Murcia. Región de,Second-hand dwelling,Year-to-date variation rate,2021,5.4,3
Nacional,14 Murcia. Región de,Second-hand dwelling,Year-to-date variation rate,2021,2.8,2
Nacional,14 Murcia. Región de,Second-hand dwelling,Year-to-date variation rate,2021,0.4,1
Nacional,15 Navarra. Comunidad Foral de,General,Index,2021,118.408,4
Nacional,15 Navarra. Comunidad Foral de,General,Index,2021,118.054,3
Nacional,15 Navarra. Comunidad Foral de,General,Index,2021,116.122,2
Nacional,15 Navarra. Comunidad Foral de,General,Index,2021,114.172,1
Nacional,15 Navarra. Comunidad Foral de,General,Quarterly variation rate,2021,0.3,4
Nacional,15 Navarra. Comunidad Foral de,General,Quarterly variation rate,2021,1.7,3
Nacional,15 Navarra. Comunidad Foral de,General,Quarterly variation rate,2021,1.7,2
Nacional,15 Navarra. Comunidad Foral de,General,Quarterly variation rate,2021,1.4,1
Nacional,15 Navarra. Comunidad Foral de,General,Annual variation,2021,5.2,4
Nacional,15 Navarra. Comunidad Foral de,General,Annual variation,2021,3.3,3
Nacional,15 Navarra. Comunidad Foral de,General,Annual variation,2021,2.6,2
Nacional,15 Navarra. Comunidad Foral de,General,Annual variation,2021,0.2,1
Nacional,15 Navarra. Comunidad Foral de,General,Year-to-date variation rate,2021,5.2,4
Nacional,15 Navarra. Comunidad Foral de,General,Year-to-date variation rate,2021,4.9,3
Nacional,15 Navarra. Comunidad Foral de,General,Year-to-date variation rate,2021,3.2,2
Nacional,15 Navarra. Comunidad Foral de,General,Year-to-date variation rate,2021,1.4,1
Nacional,15 Navarra. Comunidad Foral de,New dwelling,Index,2021,125.628,4
Nacional,15 Navarra. Comunidad Foral de,New dwelling,Index,2021,125.16,3
Nacional,15 Navarra. Comunidad Foral de,New dwelling,Index,2021,123.094,2
Nacional,15 Navarra. Comunidad Foral de,New dwelling,Index,2021,122.586,1
Nacional,15 Navarra. Comunidad Foral de,New dwelling,Quarterly variation rate,2021,0.4,4
Nacional,15 Navarra. Comunidad Foral de,New dwelling,Quarterly variation rate,2021,1.7,3
Nacional,15 Navarra. Comunidad Foral de,New dwelling,Quarterly variation rate,2021,0.4,2
Nacional,15 Navarra. Comunidad Foral de,New dwelling,Quarterly variation rate,2021,0.1,1
Nacional,15 Navarra. Comunidad Foral de,New dwelling,Annual variation,2021,2.6,4
Nacional,15 Navarra. Comunidad Foral de,New dwelling,Annual variation,2021,-1.6,3
Nacional,15 Navarra. Comunidad Foral de,New dwelling,Annual variation,2021,2.1,2
Nacional,15 Navarra. Comunidad Foral de,New dwelling,Annual variation,2021,-1.9,1
Nacional,15 Navarra. Comunidad Foral de,New dwelling,Year-to-date variation rate,2021,2.6,4
Nacional,15 Navarra. Comunidad Foral de,New dwelling,Year-to-date variation rate,2021,2.2,3
Nacional,15 Navarra. Comunidad Foral de,New dwelling,Year-to-date variation rate,2021,0.5,2
Nacional,15 Navarra. Comunidad Foral de,New dwelling,Year-to-date variation rate,2021,0.1,1
Nacional,15 Navarra. Comunidad Foral de,Second-hand dwelling,Index,2021,115.79,4
Nacional,15 Navarra. Comunidad Foral de,Second-hand dwelling,Index,2021,115.483,3
Nacional,15 Navarra. Comunidad Foral de,Second-hand dwelling,Index,2021,113.601,2
Nacional,15 Navarra. Comunidad Foral de,Second-hand dwelling,Index,2021,111.044,1
Nacional,15 Navarra. Comunidad Foral de,Second-hand dwelling,Quarterly variation rate,2021,0.3,4
Nacional,15 Navarra. Comunidad Foral de,Second-hand dwelling,Quarterly variation rate,2021,1.7,3
Nacional,15 Navarra. Comunidad Foral de,Second-hand dwelling,Quarterly variation rate,2021,2.3,2
Nacional,15 Navarra. Comunidad Foral de,Second-hand dwelling,Quarterly variation rate,2021,2.1,1
Nacional,15 Navarra. Comunidad Foral de,Second-hand dwelling,Annual variation,2021,6.4,4
Nacional,15 Navarra. Comunidad Foral de,Second-hand dwelling,Annual variation,2021,5.7,3
Nacional,15 Navarra. Comunidad Foral de,Second-hand dwelling,Annual variation,2021,2.7,2
Nacional,15 Navarra. Comunidad Foral de,Second-hand dwelling,Annual variation,2021,1.2,1
Nacional,15 Navarra. Comunidad Foral de,Second-hand dwelling,Year-to-date variation rate,2021,6.4,4
Nacional,15 Navarra. Comunidad Foral de,Second-hand dwelling,Year-to-date variation rate,2021,6.2,3
Nacional,15 Navarra. Comunidad Foral de,Second-hand dwelling,Year-to-date variation rate,2021,4.4,2
Nacional,15 Navarra. Comunidad Foral de,Second-hand dwelling,Year-to-date variation rate,2021,2.1,1
Nacional,16 País Vasco,General,Index,2021,125.938,4
Nacional,16 País Vasco,General,Index,2021,124.501,3
Nacional,16 País Vasco,General,Index,2021,123.336,2
Nacional,16 País Vasco,General,Index,2021,121.755,1
Nacional,16 País Vasco,General,Quarterly variation rate,2021,1.2,4
Nacional,16 País Vasco,General,Quarterly variation rate,2021,0.9,3
Nacional,16 País Vasco,General,Quarterly variation rate,2021,1.3,2
Nacional,16 País Vasco,General,Quarterly variation rate,2021,0.8,1
Nacional,16 País Vasco,General,Annual variation,2021,4.2,4
Nacional,16 País Vasco,General,Annual variation,2021,1.4,3
Nacional,16 País Vasco,General,Annual variation,2021,2.6,2
Nacional,16 País Vasco,General,Annual variation,2021,0.2,1
Nacional,16 País Vasco,General,Year-to-date variation rate,2021,4.2,4
Nacional,16 País Vasco,General,Year-to-date variation rate,2021,3.0,3
Nacional,16 País Vasco,General,Year-to-date variation rate,2021,2.1,2
Nacional,16 País Vasco,General,Year-to-date variation rate,2021,0.8,1
Nacional,16 País Vasco,New dwelling,Index,2021,144.694,4
Nacional,16 País Vasco,New dwelling,Index,2021,139.934,3
Nacional,16 País Vasco,New dwelling,Index,2021,139.0,2
Nacional,16 País Vasco,New dwelling,Index,2021,139.404,1
Nacional,16 País Vasco,New dwelling,Quarterly variation rate,2021,3.4,4
Nacional,16 País Vasco,New dwelling,Quarterly variation rate,2021,0.7,3
Nacional,16 País Vasco,New dwelling,Quarterly variation rate,2021,-0.3,2
Nacional,16 País Vasco,New dwelling,Quarterly variation rate,2021,-0.7,1
Nacional,16 País Vasco,New dwelling,Annual variation,2021,3.0,4
Nacional,16 País Vasco,New dwelling,Annual variation,2021,0.5,3
Nacional,16 País Vasco,New dwelling,Annual variation,2021,7.2,2
Nacional,16 País Vasco,New dwelling,Annual variation,2021,1.8,1
Nacional,16 País Vasco,New dwelling,Year-to-date variation rate,2021,3.0,4
Nacional,16 País Vasco,New dwelling,Year-to-date variation rate,2021,-0.4,3
Nacional,16 País Vasco,New dwelling,Year-to-date variation rate,2021,-1.0,2
Nacional,16 País Vasco,New dwelling,Year-to-date variation rate,2021,-0.7,1
Nacional,16 País Vasco,Second-hand dwelling,Index,2021,122.002,4
Nacional,16 País Vasco,Second-hand dwelling,Index,2021,121.346,3
Nacional,16 País Vasco,Second-hand dwelling,Index,2021,120.122,2
Nacional,16 País Vasco,Second-hand dwelling,Index,2021,118.065,1
Nacional,16 País Vasco,Second-hand dwelling,Quarterly variation rate,2021,0.5,4
Nacional,16 País Vasco,Second-hand dwelling,Quarterly variation rate,2021,1.0,3
Nacional,16 País Vasco,Second-hand dwelling,Quarterly variation rate,2021,1.7,2
Nacional,16 País Vasco,Second-hand dwelling,Quarterly variation rate,2021,1.2,1
Nacional,16 País Vasco,Second-hand dwelling,Annual variation,2021,4.6,4
Nacional,16 País Vasco,Second-hand dwelling,Annual variation,2021,1.7,3
Nacional,16 País Vasco,Second-hand dwelling,Annual variation,2021,1.6,2
Nacional,16 País Vasco,Second-hand dwelling,Annual variation,2021,-0.1,1
Nacional,16 País Vasco,Second-hand dwelling,Year-to-date variation rate,2021,4.6,4
Nacional,16 País Vasco,Second-hand dwelling,Year-to-date variation rate,2021,4.0,3
Nacional,16 País Vasco,Second-hand dwelling,Year-to-date variation rate,2021,3.0,2
Nacional,16 País Vasco,Second-hand dwelling,Year-to-date variation rate,2021,1.2,1
Nacional,17 Rioja. La,General,Index,2021,123.528,4
Nacional,17 Rioja. La,General,Index,2021,122.887,3
Nacional,17 Rioja. La,General,Index,2021,120.454,2
Nacional,17 Rioja. La,General,Index,2021,118.456,1
Nacional,17 Rioja. La,General,Quarterly variation rate,2021,0.5,4
Nacional,17 Rioja. La,General,Quarterly variation rate,2021,2.0,3
Nacional,17 Rioja. La,General,Quarterly variation rate,2021,1.7,2
Nacional,17 Rioja. La,General,Quarterly variation rate,2021,0.9,1
Nacional,17 Rioja. La,General,Annual variation,2021,5.3,4
Nacional,17 Rioja. La,General,Annual variation,2021,5.1,3
Nacional,17 Rioja. La,General,Annual variation,2021,2.3,2
Nacional,17 Rioja. La,General,Annual variation,2021,1.5,1
Nacional,17 Rioja. La,General,Year-to-date variation rate,2021,5.3,4
Nacional,17 Rioja. La,General,Year-to-date variation rate,2021,4.7,3
Nacional,17 Rioja. La,General,Year-to-date variation rate,2021,2.6,2
Nacional,17 Rioja. La,General,Year-to-date variation rate,2021,0.9,1
Nacional,17 Rioja. La,New dwelling,Index,2021,143.488,4
Nacional,17 Rioja. La,New dwelling,Index,2021,143.038,3
Nacional,17 Rioja. La,New dwelling,Index,2021,138.788,2
Nacional,17 Rioja. La,New dwelling,Index,2021,135.655,1
Nacional,17 Rioja. La,New dwelling,Quarterly variation rate,2021,0.3,4
Nacional,17 Rioja. La,New dwelling,Quarterly variation rate,2021,3.1,3
Nacional,17 Rioja. La,New dwelling,Quarterly variation rate,2021,2.3,2
Nacional,17 Rioja. La,New dwelling,Quarterly variation rate,2021,-0.1,1
Nacional,17 Rioja. La,New dwelling,Annual variation,2021,5.6,4
Nacional,17 Rioja. La,New dwelling,Annual variation,2021,5.2,3
Nacional,17 Rioja. La,New dwelling,Annual variation,2021,5.1,2
Nacional,17 Rioja. La,New dwelling,Annual variation,2021,6.1,1
Nacional,17 Rioja. La,New dwelling,Year-to-date variation rate,2021,5.6,4
Nacional,17 Rioja. La,New dwelling,Year-to-date variation rate,2021,5.3,3
Nacional,17 Rioja. La,New dwelling,Year-to-date variation rate,2021,2.2,2
Nacional,17 Rioja. La,New dwelling,Year-to-date variation rate,2021,-0.1,1
Nacional,17 Rioja. La,Second-hand dwelling,Index,2021,121.27,4
Nacional,17 Rioja. La,Second-hand dwelling,Index,2021,120.617,3
Nacional,17 Rioja. La,Second-hand dwelling,Index,2021,118.341,2
Nacional,17 Rioja. La,Second-hand dwelling,Index,2021,116.443,1
Nacional,17 Rioja. La,Second-hand dwelling,Quarterly variation rate,2021,0.5,4
Nacional,17 Rioja. La,Second-hand dwelling,Quarterly variation rate,2021,1.9,3
Nacional,17 Rioja. La,Second-hand dwelling,Quarterly variation rate,2021,1.6,2
Nacional,17 Rioja. La,Second-hand dwelling,Quarterly variation rate,2021,1.0,1
Nacional,17 Rioja. La,Second-hand dwelling,Annual variation,2021,5.2,4
Nacional,17 Rioja. La,Second-hand dwelling,Annual variation,2021,5.1,3
Nacional,17 Rioja. La,Second-hand dwelling,Annual variation,2021,2.0,2
Nacional,17 Rioja. La,Second-hand dwelling,Annual variation,2021,1.0,1
Nacional,17 Rioja. La,Second-hand dwelling,Year-to-date variation rate,2021,5.2,4
Nacional,17 Rioja. La,Second-hand dwelling,Year-to-date variation rate,2021,4.7,3
Nacional,17 Rioja. La,Second-hand dwelling,Year-to-date variation rate,2021,2.7,2
Nacional,17 Rioja. La,Second-hand dwelling,Year-to-date variation rate,2021,1.0,1
Nacional,18 Ceuta,General,Index,2021,146.641,4
Nacional,18 Ceuta,General,Index,2021,144.209,3
Nacional,18 Ceuta,General,Index,2021,139.038,2
Nacional,18 Ceuta,General,Index,2021,138.25,1
Nacional,18 Ceuta,General,Quarterly variation rate,2021,1.7,4
Nacional,18 Ceuta,General,Quarterly variation rate,2021,3.7,3
Nacional,18 Ceuta,General,Quarterly variation rate,2021,0.6,2
Nacional,18 Ceuta,General,Quarterly variation rate,2021,0.0,1
Nacional,18 Ceuta,General,Annual variation,2021,6.0,4
Nacional,18 Ceuta,General,Annual variation,2021,3.4,3
Nacional,18 Ceuta,General,Annual variation,2021,2.8,2
Nacional,18 Ceuta,General,Annual variation,2021,2.5,1
Nacional,18 Ceuta,General,Year-to-date variation rate,2021,6.0,4
Nacional,18 Ceuta,General,Year-to-date variation rate,2021,4.3,3
Nacional,18 Ceuta,General,Year-to-date variation rate,2021,0.5,2
Nacional,18 Ceuta,General,Year-to-date variation rate,2021,0.0,1
Nacional,18 Ceuta,New dwelling,Index,2021,,4
Nacional,18 Ceuta,New dwelling,Index,2021,,3
Nacional,18 Ceuta,New dwelling,Index,2021,,2
Nacional,18 Ceuta,New dwelling,Index,2021,,1
Nacional,18 Ceuta,New dwelling,Quarterly variation rate,2021,,4
Nacional,18 Ceuta,New dwelling,Quarterly variation rate,2021,,3
Nacional,18 Ceuta,New dwelling,Quarterly variation rate,2021,,2
Nacional,18 Ceuta,New dwelling,Quarterly variation rate,2021,,1
Nacional,18 Ceuta,New dwelling,Annual variation,2021,,4
Nacional,18 Ceuta,New dwelling,Annual variation,2021,,3
Nacional,18 Ceuta,New dwelling,Annual variation,2021,,2
Nacional,18 Ceuta,New dwelling,Annual variation,2021,,1
Nacional,18 Ceuta,New dwelling,Year-to-date variation rate,2021,,4
Nacional,18 Ceuta,New dwelling,Year-to-date variation rate,2021,,3
Nacional,18 Ceuta,New dwelling,Year-to-date variation rate,2021,,2
Nacional,18 Ceuta,New dwelling,Year-to-date variation rate,2021,,1
Nacional,18 Ceuta,Second-hand dwelling,Index,2021,,4
Nacional,18 Ceuta,Second-hand dwelling,Index,2021,,3
Nacional,18 Ceuta,Second-hand dwelling,Index,2021,,2
Nacional,18 Ceuta,Second-hand dwelling,Index,2021,,1
Nacional,18 Ceuta,Second-hand dwelling,Quarterly variation rate,2021,,4
Nacional,18 Ceuta,Second-hand dwelling,Quarterly variation rate,2021,,3
Nacional,18 Ceuta,Second-hand dwelling,Quarterly variation rate,2021,,2
Nacional,18 Ceuta,Second-hand dwelling,Quarterly variation rate,2021,,1
Nacional,18 Ceuta,Second-hand dwelling,Annual variation,2021,,4
Nacional,18 Ceuta,Second-hand dwelling,Annual variation,2021,,3
Nacional,18 Ceuta,Second-hand dwelling,Annual variation,2021,,2
Nacional,18 Ceuta,Second-hand dwelling,Annual variation,2021,,1
Nacional,18 Ceuta,Second-hand dwelling,Year-to-date variation rate,2021,,4
Nacional,18 Ceuta,Second-hand dwelling,Year-to-date variation rate,2021,,3
Nacional,18 Ceuta,Second-hand dwelling,Year-to-date variation rate,2021,,2
Nacional,18 Ceuta,Second-hand dwelling,Year-to-date variation rate,2021,,1
Nacional,19 Melilla,General,Index,2021,142.577,4
Nacional,19 Melilla,General,Index,2021,142.563,3
Nacional,19 Melilla,General,Index,2021,139.007,2
Nacional,19 Melilla,General,Index,2021,134.954,1
Nacional,19 Melilla,General,Quarterly variation rate,2021,0.0,4
Nacional,19 Melilla,General,Quarterly variation rate,2021,2.6,3
Nacional,19 Melilla,General,Quarterly variation rate,2021,3.0,2
Nacional,19 Melilla,General,Quarterly variation rate,2021,1.4,1
Nacional,19 Melilla,General,Annual variation,2021,7.1,4
Nacional,19 Melilla,General,Annual variation,2021,6.7,3
Nacional,19 Melilla,General,Annual variation,2021,6.7,2
Nacional,19 Melilla,General,Annual variation,2021,4.8,1
Nacional,19 Melilla,General,Year-to-date variation rate,2021,7.1,4
Nacional,19 Melilla,General,Year-to-date variation rate,2021,7.1,3
Nacional,19 Melilla,General,Year-to-date variation rate,2021,4.5,2
Nacional,19 Melilla,General,Year-to-date variation rate,2021,1.4,1
Nacional,19 Melilla,New dwelling,Index,2021,,4
Nacional,19 Melilla,New dwelling,Index,2021,,3
Nacional,19 Melilla,New dwelling,Index,2021,,2
Nacional,19 Melilla,New dwelling,Index,2021,,1
Nacional,19 Melilla,New dwelling,Quarterly variation rate,2021,,4
Nacional,19 Melilla,New dwelling,Quarterly variation rate,2021,,3
Nacional,19 Melilla,New dwelling,Quarterly variation rate,2021,,2
Nacional,19 Melilla,New dwelling,Quarterly variation rate,2021,,1
Nacional,19 Melilla,New dwelling,Annual variation,2021,,4
Nacional,19 Melilla,New dwelling,Annual variation,2021,,3
Nacional,19 Melilla,New dwelling,Annual variation,2021,,2
Nacional,19 Melilla,New dwelling,Annual variation,2021,,1
Nacional,19 Melilla,New dwelling,Year-to-date variation rate,2021,,4
Nacional,19 Melilla,New dwelling,Year-to-date variation rate,2021,,3
Nacional,19 Melilla,New dwelling,Year-to-date variation rate,2021,,2
Nacional,19 Melilla,New dwelling,Year-to-date variation rate,2021,,1
Nacional,19 Melilla,Second-hand dwelling,Index,2021,,4
Nacional,19 Melilla,Second-hand dwelling,Index,2021,,3
Nacional,19 Melilla,Second-hand dwelling,Index,2021,,2
Nacional,19 Melilla,Second-hand dwelling,Index,2021,,1
Nacional,19 Melilla,Second-hand dwelling,Quarterly variation rate,2021,,4
Nacional,19 Melilla,Second-hand dwelling,Quarterly variation rate,2021,,3
Nacional,19 Melilla,Second-hand dwelling,Quarterly variation rate,2021,,2
Nacional,19 Melilla,Second-hand dwelling,Quarterly variation rate,2021,,1
Nacional,19 Melilla,Second-hand dwelling,Annual variation,2021,,4
Nacional,19 Melilla,Second-hand dwelling,Annual variation,2021,,3
Nacional,19 Melilla,Second-hand dwelling,Annual variation,2021,,2
Nacional,19 Melilla,Second-hand dwelling,Annual variation,2021,,1
Nacional,19 Melilla,Second-hand dwelling,Year-to-date variation rate,2021,,4
Nacional,19 Melilla,Second-hand dwelling,Year-to-date variation rate,2021,,3
Nacional,19 Melilla,Second-hand dwelling,Year-to-date variation rate,2021,,2
Nacional,19 Melilla,Second-hand dwelling,Year-to-date variation rate,2021,,1
