sex,provinces,rates,year,total,quarter
Both sexes,National Total,Activity rate,2019,58.74,4
Both sexes,National Total,Activity rate,2019,58.72,3
Both sexes,National Total,Activity rate,2019,58.74,2
Both sexes,National Total,Activity rate,2019,58.35,1
Both sexes,National Total,Unemployment rate,2019,13.78,4
Both sexes,National Total,Unemployment rate,2019,13.92,3
Both sexes,National Total,Unemployment rate,2019,14.02,2
Both sexes,National Total,Unemployment rate,2019,14.7,1
Both sexes,National Total,Employment rate,2019,50.64,4
Both sexes,National Total,Employment rate,2019,50.54,3
Both sexes,National Total,Employment rate,2019,50.51,2
Both sexes,National Total,Employment rate,2019,49.78,1
Both sexes,02 Albacete,Activity rate,2019,55.54,4
Both sexes,02 Albacete,Activity rate,2019,56.05,3
Both sexes,02 Albacete,Activity rate,2019,55.95,2
Both sexes,02 Albacete,Activity rate,2019,57.38,1
Both sexes,02 Albacete,Unemployment rate,2019,16.69,4
Both sexes,02 Albacete,Unemployment rate,2019,16.5,3
Both sexes,02 Albacete,Unemployment rate,2019,17.7,2
Both sexes,02 Albacete,Unemployment rate,2019,17.85,1
Both sexes,02 Albacete,Employment rate,2019,46.27,4
Both sexes,02 Albacete,Employment rate,2019,46.8,3
Both sexes,02 Albacete,Employment rate,2019,46.05,2
Both sexes,02 Albacete,Employment rate,2019,47.13,1
Both sexes,03 Alicante/Alacant,Activity rate,2019,59.24,4
Both sexes,03 Alicante/Alacant,Activity rate,2019,58.55,3
Both sexes,03 Alicante/Alacant,Activity rate,2019,58.61,2
Both sexes,03 Alicante/Alacant,Activity rate,2019,56.14,1
Both sexes,03 Alicante/Alacant,Unemployment rate,2019,15.68,4
Both sexes,03 Alicante/Alacant,Unemployment rate,2019,13.57,3
Both sexes,03 Alicante/Alacant,Unemployment rate,2019,14.71,2
Both sexes,03 Alicante/Alacant,Unemployment rate,2019,15.44,1
Both sexes,03 Alicante/Alacant,Employment rate,2019,49.95,4
Both sexes,03 Alicante/Alacant,Employment rate,2019,50.61,3
Both sexes,03 Alicante/Alacant,Employment rate,2019,49.99,2
Both sexes,03 Alicante/Alacant,Employment rate,2019,47.47,1
Both sexes,04 Almería,Activity rate,2019,60.72,4
Both sexes,04 Almería,Activity rate,2019,57.81,3
Both sexes,04 Almería,Activity rate,2019,58.55,2
Both sexes,04 Almería,Activity rate,2019,59.33,1
Both sexes,04 Almería,Unemployment rate,2019,18.53,4
Both sexes,04 Almería,Unemployment rate,2019,19.75,3
Both sexes,04 Almería,Unemployment rate,2019,16.12,2
Both sexes,04 Almería,Unemployment rate,2019,16.06,1
Both sexes,04 Almería,Employment rate,2019,49.47,4
Both sexes,04 Almería,Employment rate,2019,46.4,3
Both sexes,04 Almería,Employment rate,2019,49.11,2
Both sexes,04 Almería,Employment rate,2019,49.8,1
Both sexes,01 Araba/Álava,Activity rate,2019,56.4,4
Both sexes,01 Araba/Álava,Activity rate,2019,57.22,3
Both sexes,01 Araba/Álava,Activity rate,2019,58.35,2
Both sexes,01 Araba/Álava,Activity rate,2019,59.38,1
Both sexes,01 Araba/Álava,Unemployment rate,2019,7.31,4
Both sexes,01 Araba/Álava,Unemployment rate,2019,10.23,3
Both sexes,01 Araba/Álava,Unemployment rate,2019,8.04,2
Both sexes,01 Araba/Álava,Unemployment rate,2019,7.54,1
Both sexes,01 Araba/Álava,Employment rate,2019,52.28,4
Both sexes,01 Araba/Álava,Employment rate,2019,51.37,3
Both sexes,01 Araba/Álava,Employment rate,2019,53.66,2
Both sexes,01 Araba/Álava,Employment rate,2019,54.91,1
Both sexes,33 Asturias,Activity rate,2019,50.77,4
Both sexes,33 Asturias,Activity rate,2019,50.74,3
Both sexes,33 Asturias,Activity rate,2019,50.37,2
Both sexes,33 Asturias,Activity rate,2019,50.92,1
Both sexes,33 Asturias,Unemployment rate,2019,13.14,4
Both sexes,33 Asturias,Unemployment rate,2019,14.43,3
Both sexes,33 Asturias,Unemployment rate,2019,14.17,2
Both sexes,33 Asturias,Unemployment rate,2019,15.03,1
Both sexes,33 Asturias,Employment rate,2019,44.1,4
Both sexes,33 Asturias,Employment rate,2019,43.41,3
Both sexes,33 Asturias,Employment rate,2019,43.23,2
Both sexes,33 Asturias,Employment rate,2019,43.27,1
Both sexes,05 Ávila,Activity rate,2019,54.7,4
Both sexes,05 Ávila,Activity rate,2019,53.51,3
Both sexes,05 Ávila,Activity rate,2019,52.08,2
Both sexes,05 Ávila,Activity rate,2019,50.81,1
Both sexes,05 Ávila,Unemployment rate,2019,13.57,4
Both sexes,05 Ávila,Unemployment rate,2019,12.65,3
Both sexes,05 Ávila,Unemployment rate,2019,14.72,2
Both sexes,05 Ávila,Unemployment rate,2019,17.87,1
Both sexes,05 Ávila,Employment rate,2019,47.27,4
Both sexes,05 Ávila,Employment rate,2019,46.75,3
Both sexes,05 Ávila,Employment rate,2019,44.41,2
Both sexes,05 Ávila,Employment rate,2019,41.73,1
Both sexes,06 Badajoz,Activity rate,2019,56.16,4
Both sexes,06 Badajoz,Activity rate,2019,56.29,3
Both sexes,06 Badajoz,Activity rate,2019,55.87,2
Both sexes,06 Badajoz,Activity rate,2019,56.99,1
Both sexes,06 Badajoz,Unemployment rate,2019,24.64,4
Both sexes,06 Badajoz,Unemployment rate,2019,20.15,3
Both sexes,06 Badajoz,Unemployment rate,2019,20.94,2
Both sexes,06 Badajoz,Unemployment rate,2019,24.03,1
Both sexes,06 Badajoz,Employment rate,2019,42.32,4
Both sexes,06 Badajoz,Employment rate,2019,44.95,3
Both sexes,06 Badajoz,Employment rate,2019,44.17,2
Both sexes,06 Badajoz,Employment rate,2019,43.3,1
Both sexes,07 Balears. Illes,Activity rate,2019,62.37,4
Both sexes,07 Balears. Illes,Activity rate,2019,67.02,3
Both sexes,07 Balears. Illes,Activity rate,2019,65.83,2
Both sexes,07 Balears. Illes,Activity rate,2019,62.42,1
Both sexes,07 Balears. Illes,Unemployment rate,2019,9.91,4
Both sexes,07 Balears. Illes,Unemployment rate,2019,8.18,3
Both sexes,07 Balears. Illes,Unemployment rate,2019,12.13,2
Both sexes,07 Balears. Illes,Unemployment rate,2019,17.06,1
Both sexes,07 Balears. Illes,Employment rate,2019,56.19,4
Both sexes,07 Balears. Illes,Employment rate,2019,61.54,3
Both sexes,07 Balears. Illes,Employment rate,2019,57.84,2
Both sexes,07 Balears. Illes,Employment rate,2019,51.77,1
Both sexes,08 Barcelona,Activity rate,2019,61.7,4
Both sexes,08 Barcelona,Activity rate,2019,61.71,3
Both sexes,08 Barcelona,Activity rate,2019,61.59,2
Both sexes,08 Barcelona,Activity rate,2019,61.72,1
Both sexes,08 Barcelona,Unemployment rate,2019,10.47,4
Both sexes,08 Barcelona,Unemployment rate,2019,11.27,3
Both sexes,08 Barcelona,Unemployment rate,2019,10.93,2
Both sexes,08 Barcelona,Unemployment rate,2019,10.93,1
Both sexes,08 Barcelona,Employment rate,2019,55.24,4
Both sexes,08 Barcelona,Employment rate,2019,54.75,3
Both sexes,08 Barcelona,Employment rate,2019,54.86,2
Both sexes,08 Barcelona,Employment rate,2019,54.98,1
Both sexes,48 Bizkaia,Activity rate,2019,55.42,4
Both sexes,48 Bizkaia,Activity rate,2019,55.7,3
Both sexes,48 Bizkaia,Activity rate,2019,56.07,2
Both sexes,48 Bizkaia,Activity rate,2019,55.93,1
Both sexes,48 Bizkaia,Unemployment rate,2019,10.58,4
Both sexes,48 Bizkaia,Unemployment rate,2019,10.87,3
Both sexes,48 Bizkaia,Unemployment rate,2019,9.74,2
Both sexes,48 Bizkaia,Unemployment rate,2019,11.23,1
Both sexes,48 Bizkaia,Employment rate,2019,49.56,4
Both sexes,48 Bizkaia,Employment rate,2019,49.64,3
Both sexes,48 Bizkaia,Employment rate,2019,50.61,2
Both sexes,48 Bizkaia,Employment rate,2019,49.64,1
Both sexes,09 Burgos,Activity rate,2019,57.58,4
Both sexes,09 Burgos,Activity rate,2019,57.6,3
Both sexes,09 Burgos,Activity rate,2019,55.81,2
Both sexes,09 Burgos,Activity rate,2019,57.25,1
Both sexes,09 Burgos,Unemployment rate,2019,9.34,4
Both sexes,09 Burgos,Unemployment rate,2019,9.81,3
Both sexes,09 Burgos,Unemployment rate,2019,9.34,2
Both sexes,09 Burgos,Unemployment rate,2019,11.35,1
Both sexes,09 Burgos,Employment rate,2019,52.2,4
Both sexes,09 Burgos,Employment rate,2019,51.95,3
Both sexes,09 Burgos,Employment rate,2019,50.6,2
Both sexes,09 Burgos,Employment rate,2019,50.75,1
Both sexes,10 Cáceres,Activity rate,2019,54.81,4
Both sexes,10 Cáceres,Activity rate,2019,54.93,3
Both sexes,10 Cáceres,Activity rate,2019,54.81,2
Both sexes,10 Cáceres,Activity rate,2019,53.39,1
Both sexes,10 Cáceres,Unemployment rate,2019,21.48,4
Both sexes,10 Cáceres,Unemployment rate,2019,18.87,3
Both sexes,10 Cáceres,Unemployment rate,2019,19.63,2
Both sexes,10 Cáceres,Unemployment rate,2019,19.8,1
Both sexes,10 Cáceres,Employment rate,2019,43.04,4
Both sexes,10 Cáceres,Employment rate,2019,44.57,3
Both sexes,10 Cáceres,Employment rate,2019,44.05,2
Both sexes,10 Cáceres,Employment rate,2019,42.82,1
Both sexes,11 Cádiz,Activity rate,2019,54.14,4
Both sexes,11 Cádiz,Activity rate,2019,55.83,3
Both sexes,11 Cádiz,Activity rate,2019,55.33,2
Both sexes,11 Cádiz,Activity rate,2019,53.73,1
Both sexes,11 Cádiz,Unemployment rate,2019,24.7,4
Both sexes,11 Cádiz,Unemployment rate,2019,23.77,3
Both sexes,11 Cádiz,Unemployment rate,2019,24.34,2
Both sexes,11 Cádiz,Unemployment rate,2019,26.8,1
Both sexes,11 Cádiz,Employment rate,2019,40.77,4
Both sexes,11 Cádiz,Employment rate,2019,42.56,3
Both sexes,11 Cádiz,Employment rate,2019,41.86,2
Both sexes,11 Cádiz,Employment rate,2019,39.33,1
Both sexes,39 Cantabria,Activity rate,2019,55.73,4
Both sexes,39 Cantabria,Activity rate,2019,55.19,3
Both sexes,39 Cantabria,Activity rate,2019,54.46,2
Both sexes,39 Cantabria,Activity rate,2019,54.84,1
Both sexes,39 Cantabria,Unemployment rate,2019,11.18,4
Both sexes,39 Cantabria,Unemployment rate,2019,8.73,3
Both sexes,39 Cantabria,Unemployment rate,2019,9.01,2
Both sexes,39 Cantabria,Unemployment rate,2019,12.2,1
Both sexes,39 Cantabria,Employment rate,2019,49.5,4
Both sexes,39 Cantabria,Employment rate,2019,50.37,3
Both sexes,39 Cantabria,Employment rate,2019,49.55,2
Both sexes,39 Cantabria,Employment rate,2019,48.15,1
Both sexes,12 Castellón/Castelló,Activity rate,2019,59.38,4
Both sexes,12 Castellón/Castelló,Activity rate,2019,58.52,3
Both sexes,12 Castellón/Castelló,Activity rate,2019,56.97,2
Both sexes,12 Castellón/Castelló,Activity rate,2019,57.44,1
Both sexes,12 Castellón/Castelló,Unemployment rate,2019,14.29,4
Both sexes,12 Castellón/Castelló,Unemployment rate,2019,12.01,3
Both sexes,12 Castellón/Castelló,Unemployment rate,2019,14.25,2
Both sexes,12 Castellón/Castelló,Unemployment rate,2019,14.46,1
Both sexes,12 Castellón/Castelló,Employment rate,2019,50.89,4
Both sexes,12 Castellón/Castelló,Employment rate,2019,51.5,3
Both sexes,12 Castellón/Castelló,Employment rate,2019,48.85,2
Both sexes,12 Castellón/Castelló,Employment rate,2019,49.14,1
Both sexes,13 Ciudad Real,Activity rate,2019,56.39,4
Both sexes,13 Ciudad Real,Activity rate,2019,55.89,3
Both sexes,13 Ciudad Real,Activity rate,2019,55.72,2
Both sexes,13 Ciudad Real,Activity rate,2019,55.77,1
Both sexes,13 Ciudad Real,Unemployment rate,2019,19.34,4
Both sexes,13 Ciudad Real,Unemployment rate,2019,18.38,3
Both sexes,13 Ciudad Real,Unemployment rate,2019,17.82,2
Both sexes,13 Ciudad Real,Unemployment rate,2019,17.5,1
Both sexes,13 Ciudad Real,Employment rate,2019,45.49,4
Both sexes,13 Ciudad Real,Employment rate,2019,45.62,3
Both sexes,13 Ciudad Real,Employment rate,2019,45.79,2
Both sexes,13 Ciudad Real,Employment rate,2019,46.01,1
Both sexes,14 Córdoba,Activity rate,2019,56.78,4
Both sexes,14 Córdoba,Activity rate,2019,57.36,3
Both sexes,14 Córdoba,Activity rate,2019,56.77,2
Both sexes,14 Córdoba,Activity rate,2019,56.31,1
Both sexes,14 Córdoba,Unemployment rate,2019,23.7,4
Both sexes,14 Córdoba,Unemployment rate,2019,25.28,3
Both sexes,14 Córdoba,Unemployment rate,2019,22.21,2
Both sexes,14 Córdoba,Unemployment rate,2019,21.05,1
Both sexes,14 Córdoba,Employment rate,2019,43.32,4
Both sexes,14 Córdoba,Employment rate,2019,42.85,3
Both sexes,14 Córdoba,Employment rate,2019,44.16,2
Both sexes,14 Córdoba,Employment rate,2019,44.45,1
Both sexes,15 Coruña. A,Activity rate,2019,54.75,4
Both sexes,15 Coruña. A,Activity rate,2019,55.09,3
Both sexes,15 Coruña. A,Activity rate,2019,54.79,2
Both sexes,15 Coruña. A,Activity rate,2019,54.62,1
Both sexes,15 Coruña. A,Unemployment rate,2019,10.29,4
Both sexes,15 Coruña. A,Unemployment rate,2019,10.52,3
Both sexes,15 Coruña. A,Unemployment rate,2019,9.89,2
Both sexes,15 Coruña. A,Unemployment rate,2019,10.11,1
Both sexes,15 Coruña. A,Employment rate,2019,49.12,4
Both sexes,15 Coruña. A,Employment rate,2019,49.3,3
Both sexes,15 Coruña. A,Employment rate,2019,49.37,2
Both sexes,15 Coruña. A,Employment rate,2019,49.1,1
Both sexes,16 Cuenca,Activity rate,2019,56.1,4
Both sexes,16 Cuenca,Activity rate,2019,56.69,3
Both sexes,16 Cuenca,Activity rate,2019,56.13,2
Both sexes,16 Cuenca,Activity rate,2019,56.06,1
Both sexes,16 Cuenca,Unemployment rate,2019,14.61,4
Both sexes,16 Cuenca,Unemployment rate,2019,13.93,3
Both sexes,16 Cuenca,Unemployment rate,2019,12.91,2
Both sexes,16 Cuenca,Unemployment rate,2019,10.81,1
Both sexes,16 Cuenca,Employment rate,2019,47.9,4
Both sexes,16 Cuenca,Employment rate,2019,48.79,3
Both sexes,16 Cuenca,Employment rate,2019,48.89,2
Both sexes,16 Cuenca,Employment rate,2019,50,1
Both sexes,20 Gipuzkoa,Activity rate,2019,56.15,4
Both sexes,20 Gipuzkoa,Activity rate,2019,55.46,3
Both sexes,20 Gipuzkoa,Activity rate,2019,56.26,2
Both sexes,20 Gipuzkoa,Activity rate,2019,56.43,1
Both sexes,20 Gipuzkoa,Unemployment rate,2019,7.53,4
Both sexes,20 Gipuzkoa,Unemployment rate,2019,6.19,3
Both sexes,20 Gipuzkoa,Unemployment rate,2019,7.13,2
Both sexes,20 Gipuzkoa,Unemployment rate,2019,8.03,1
Both sexes,20 Gipuzkoa,Employment rate,2019,51.92,4
Both sexes,20 Gipuzkoa,Employment rate,2019,52.02,3
Both sexes,20 Gipuzkoa,Employment rate,2019,52.25,2
Both sexes,20 Gipuzkoa,Employment rate,2019,51.9,1
Both sexes,17 Girona,Activity rate,2019,62.63,4
Both sexes,17 Girona,Activity rate,2019,63.64,3
Both sexes,17 Girona,Activity rate,2019,63.24,2
Both sexes,17 Girona,Activity rate,2019,62.4,1
Both sexes,17 Girona,Unemployment rate,2019,9.47,4
Both sexes,17 Girona,Unemployment rate,2019,8.01,3
Both sexes,17 Girona,Unemployment rate,2019,10.46,2
Both sexes,17 Girona,Unemployment rate,2019,13.39,1
Both sexes,17 Girona,Employment rate,2019,56.7,4
Both sexes,17 Girona,Employment rate,2019,58.55,3
Both sexes,17 Girona,Employment rate,2019,56.62,2
Both sexes,17 Girona,Employment rate,2019,54.04,1
Both sexes,18 Granada,Activity rate,2019,55.54,4
Both sexes,18 Granada,Activity rate,2019,56.17,3
Both sexes,18 Granada,Activity rate,2019,57.16,2
Both sexes,18 Granada,Activity rate,2019,55.71,1
Both sexes,18 Granada,Unemployment rate,2019,19.68,4
Both sexes,18 Granada,Unemployment rate,2019,23.49,3
Both sexes,18 Granada,Unemployment rate,2019,24,2
Both sexes,18 Granada,Unemployment rate,2019,21.67,1
Both sexes,18 Granada,Employment rate,2019,44.61,4
Both sexes,18 Granada,Employment rate,2019,42.98,3
Both sexes,18 Granada,Employment rate,2019,43.44,2
Both sexes,18 Granada,Employment rate,2019,43.63,1
Both sexes,19 Guadalajara,Activity rate,2019,66.25,4
Both sexes,19 Guadalajara,Activity rate,2019,66.54,3
Both sexes,19 Guadalajara,Activity rate,2019,67.9,2
Both sexes,19 Guadalajara,Activity rate,2019,66.64,1
Both sexes,19 Guadalajara,Unemployment rate,2019,13.37,4
Both sexes,19 Guadalajara,Unemployment rate,2019,12.4,3
Both sexes,19 Guadalajara,Unemployment rate,2019,11.55,2
Both sexes,19 Guadalajara,Unemployment rate,2019,11.26,1
Both sexes,19 Guadalajara,Employment rate,2019,57.39,4
Both sexes,19 Guadalajara,Employment rate,2019,58.29,3
Both sexes,19 Guadalajara,Employment rate,2019,60.06,2
Both sexes,19 Guadalajara,Employment rate,2019,59.13,1
Both sexes,21 Huelva,Activity rate,2019,56.57,4
Both sexes,21 Huelva,Activity rate,2019,56.15,3
Both sexes,21 Huelva,Activity rate,2019,58.58,2
Both sexes,21 Huelva,Activity rate,2019,57.83,1
Both sexes,21 Huelva,Unemployment rate,2019,23.57,4
Both sexes,21 Huelva,Unemployment rate,2019,22.83,3
Both sexes,21 Huelva,Unemployment rate,2019,18.41,2
Both sexes,21 Huelva,Unemployment rate,2019,22.96,1
Both sexes,21 Huelva,Employment rate,2019,43.23,4
Both sexes,21 Huelva,Employment rate,2019,43.33,3
Both sexes,21 Huelva,Employment rate,2019,47.79,2
Both sexes,21 Huelva,Employment rate,2019,44.55,1
Both sexes,22 Huesca,Activity rate,2019,59.93,4
Both sexes,22 Huesca,Activity rate,2019,59.9,3
Both sexes,22 Huesca,Activity rate,2019,58.97,2
Both sexes,22 Huesca,Activity rate,2019,57.49,1
Both sexes,22 Huesca,Unemployment rate,2019,9.59,4
Both sexes,22 Huesca,Unemployment rate,2019,7.88,3
Both sexes,22 Huesca,Unemployment rate,2019,9.45,2
Both sexes,22 Huesca,Unemployment rate,2019,9.17,1
Both sexes,22 Huesca,Employment rate,2019,54.18,4
Both sexes,22 Huesca,Employment rate,2019,55.19,3
Both sexes,22 Huesca,Employment rate,2019,53.39,2
Both sexes,22 Huesca,Employment rate,2019,52.22,1
Both sexes,23 Jaén,Activity rate,2019,51.53,4
Both sexes,23 Jaén,Activity rate,2019,51.83,3
Both sexes,23 Jaén,Activity rate,2019,52.21,2
Both sexes,23 Jaén,Activity rate,2019,53.12,1
Both sexes,23 Jaén,Unemployment rate,2019,20.11,4
Both sexes,23 Jaén,Unemployment rate,2019,24.26,3
Both sexes,23 Jaén,Unemployment rate,2019,24.44,2
Both sexes,23 Jaén,Unemployment rate,2019,20.35,1
Both sexes,23 Jaén,Employment rate,2019,41.17,4
Both sexes,23 Jaén,Employment rate,2019,39.25,3
Both sexes,23 Jaén,Employment rate,2019,39.45,2
Both sexes,23 Jaén,Employment rate,2019,42.31,1
Both sexes,24 León,Activity rate,2019,52.14,4
Both sexes,24 León,Activity rate,2019,53.01,3
Both sexes,24 León,Activity rate,2019,52.76,2
Both sexes,24 León,Activity rate,2019,50.2,1
Both sexes,24 León,Unemployment rate,2019,12.99,4
Both sexes,24 León,Unemployment rate,2019,12.43,3
Both sexes,24 León,Unemployment rate,2019,12.22,2
Both sexes,24 León,Unemployment rate,2019,13.11,1
Both sexes,24 León,Employment rate,2019,45.37,4
Both sexes,24 León,Employment rate,2019,46.42,3
Both sexes,24 León,Employment rate,2019,46.31,2
Both sexes,24 León,Employment rate,2019,43.62,1
Both sexes,25 Lleida,Activity rate,2019,63.67,4
Both sexes,25 Lleida,Activity rate,2019,62.3,3
Both sexes,25 Lleida,Activity rate,2019,61.47,2
Both sexes,25 Lleida,Activity rate,2019,61.12,1
Both sexes,25 Lleida,Unemployment rate,2019,9.31,4
Both sexes,25 Lleida,Unemployment rate,2019,8.37,3
Both sexes,25 Lleida,Unemployment rate,2019,10.09,2
Both sexes,25 Lleida,Unemployment rate,2019,10.93,1
Both sexes,25 Lleida,Employment rate,2019,57.74,4
Both sexes,25 Lleida,Employment rate,2019,57.08,3
Both sexes,25 Lleida,Employment rate,2019,55.26,2
Both sexes,25 Lleida,Employment rate,2019,54.44,1
Both sexes,27 Lugo,Activity rate,2019,52.1,4
Both sexes,27 Lugo,Activity rate,2019,51.46,3
Both sexes,27 Lugo,Activity rate,2019,50.62,2
Both sexes,27 Lugo,Activity rate,2019,49.89,1
Both sexes,27 Lugo,Unemployment rate,2019,9.79,4
Both sexes,27 Lugo,Unemployment rate,2019,8.6,3
Both sexes,27 Lugo,Unemployment rate,2019,8.15,2
Both sexes,27 Lugo,Unemployment rate,2019,8.91,1
Both sexes,27 Lugo,Employment rate,2019,47,4
Both sexes,27 Lugo,Employment rate,2019,47.04,3
Both sexes,27 Lugo,Employment rate,2019,46.5,2
Both sexes,27 Lugo,Employment rate,2019,45.44,1
Both sexes,28 Madrid,Activity rate,2019,63.4,4
Both sexes,28 Madrid,Activity rate,2019,62.37,3
Both sexes,28 Madrid,Activity rate,2019,62.86,2
Both sexes,28 Madrid,Activity rate,2019,62.71,1
Both sexes,28 Madrid,Unemployment rate,2019,9.99,4
Both sexes,28 Madrid,Unemployment rate,2019,10.26,3
Both sexes,28 Madrid,Unemployment rate,2019,10.54,2
Both sexes,28 Madrid,Unemployment rate,2019,11.7,1
Both sexes,28 Madrid,Employment rate,2019,57.06,4
Both sexes,28 Madrid,Employment rate,2019,55.97,3
Both sexes,28 Madrid,Employment rate,2019,56.23,2
Both sexes,28 Madrid,Employment rate,2019,55.37,1
Both sexes,29 Málaga,Activity rate,2019,56.54,4
Both sexes,29 Málaga,Activity rate,2019,57.27,3
Both sexes,29 Málaga,Activity rate,2019,56.86,2
Both sexes,29 Málaga,Activity rate,2019,56.95,1
Both sexes,29 Málaga,Unemployment rate,2019,17.75,4
Both sexes,29 Málaga,Unemployment rate,2019,18.09,3
Both sexes,29 Málaga,Unemployment rate,2019,17.27,2
Both sexes,29 Málaga,Unemployment rate,2019,17.46,1
Both sexes,29 Málaga,Employment rate,2019,46.5,4
Both sexes,29 Málaga,Employment rate,2019,46.91,3
Both sexes,29 Málaga,Employment rate,2019,47.04,2
Both sexes,29 Málaga,Employment rate,2019,47.01,1
Both sexes,30 Murcia,Activity rate,2019,59.64,4
Both sexes,30 Murcia,Activity rate,2019,59.08,3
Both sexes,30 Murcia,Activity rate,2019,59.09,2
Both sexes,30 Murcia,Activity rate,2019,58.67,1
Both sexes,30 Murcia,Unemployment rate,2019,16.08,4
Both sexes,30 Murcia,Unemployment rate,2019,14.16,3
Both sexes,30 Murcia,Unemployment rate,2019,13.36,2
Both sexes,30 Murcia,Unemployment rate,2019,15.12,1
Both sexes,30 Murcia,Employment rate,2019,50.06,4
Both sexes,30 Murcia,Employment rate,2019,50.71,3
Both sexes,30 Murcia,Employment rate,2019,51.2,2
Both sexes,30 Murcia,Employment rate,2019,49.8,1
Both sexes,31 Navarra,Activity rate,2019,58.64,4
Both sexes,31 Navarra,Activity rate,2019,58.86,3
Both sexes,31 Navarra,Activity rate,2019,59.28,2
Both sexes,31 Navarra,Activity rate,2019,57.76,1
Both sexes,31 Navarra,Unemployment rate,2019,9.01,4
Both sexes,31 Navarra,Unemployment rate,2019,8.19,3
Both sexes,31 Navarra,Unemployment rate,2019,7.58,2
Both sexes,31 Navarra,Unemployment rate,2019,8.19,1
Both sexes,31 Navarra,Employment rate,2019,53.35,4
Both sexes,31 Navarra,Employment rate,2019,54.04,3
Both sexes,31 Navarra,Employment rate,2019,54.79,2
Both sexes,31 Navarra,Employment rate,2019,53.03,1
Both sexes,32 Ourense,Activity rate,2019,47.74,4
Both sexes,32 Ourense,Activity rate,2019,47.41,3
Both sexes,32 Ourense,Activity rate,2019,47.48,2
Both sexes,32 Ourense,Activity rate,2019,47.89,1
Both sexes,32 Ourense,Unemployment rate,2019,12.88,4
Both sexes,32 Ourense,Unemployment rate,2019,13.06,3
Both sexes,32 Ourense,Unemployment rate,2019,10.92,2
Both sexes,32 Ourense,Unemployment rate,2019,14.87,1
Both sexes,32 Ourense,Employment rate,2019,41.59,4
Both sexes,32 Ourense,Employment rate,2019,41.22,3
Both sexes,32 Ourense,Employment rate,2019,42.29,2
Both sexes,32 Ourense,Employment rate,2019,40.77,1
Both sexes,34 Palencia,Activity rate,2019,52.8,4
Both sexes,34 Palencia,Activity rate,2019,52.98,3
Both sexes,34 Palencia,Activity rate,2019,52.65,2
Both sexes,34 Palencia,Activity rate,2019,52.5,1
Both sexes,34 Palencia,Unemployment rate,2019,9.35,4
Both sexes,34 Palencia,Unemployment rate,2019,6.95,3
Both sexes,34 Palencia,Unemployment rate,2019,12.42,2
Both sexes,34 Palencia,Unemployment rate,2019,13.24,1
Both sexes,34 Palencia,Employment rate,2019,47.87,4
Both sexes,34 Palencia,Employment rate,2019,49.3,3
Both sexes,34 Palencia,Employment rate,2019,46.12,2
Both sexes,34 Palencia,Employment rate,2019,45.55,1
Both sexes,35 Palmas. Las,Activity rate,2019,61.15,4
Both sexes,35 Palmas. Las,Activity rate,2019,59.53,3
Both sexes,35 Palmas. Las,Activity rate,2019,60.18,2
Both sexes,35 Palmas. Las,Activity rate,2019,59.62,1
Both sexes,35 Palmas. Las,Unemployment rate,2019,19.6,4
Both sexes,35 Palmas. Las,Unemployment rate,2019,22.86,3
Both sexes,35 Palmas. Las,Unemployment rate,2019,23.38,2
Both sexes,35 Palmas. Las,Unemployment rate,2019,23.04,1
Both sexes,35 Palmas. Las,Employment rate,2019,49.17,4
Both sexes,35 Palmas. Las,Employment rate,2019,45.93,3
Both sexes,35 Palmas. Las,Employment rate,2019,46.1,2
Both sexes,35 Palmas. Las,Employment rate,2019,45.88,1
Both sexes,36 Pontevedra,Activity rate,2019,53.35,4
Both sexes,36 Pontevedra,Activity rate,2019,54.29,3
Both sexes,36 Pontevedra,Activity rate,2019,53.79,2
Both sexes,36 Pontevedra,Activity rate,2019,53.54,1
Both sexes,36 Pontevedra,Unemployment rate,2019,13.86,4
Both sexes,36 Pontevedra,Unemployment rate,2019,13.18,3
Both sexes,36 Pontevedra,Unemployment rate,2019,14.28,2
Both sexes,36 Pontevedra,Unemployment rate,2019,15.85,1
Both sexes,36 Pontevedra,Employment rate,2019,45.95,4
Both sexes,36 Pontevedra,Employment rate,2019,47.13,3
Both sexes,36 Pontevedra,Employment rate,2019,46.11,2
Both sexes,36 Pontevedra,Employment rate,2019,45.06,1
Both sexes,26 Rioja. La,Activity rate,2019,59.19,4
Both sexes,26 Rioja. La,Activity rate,2019,59.08,3
Both sexes,26 Rioja. La,Activity rate,2019,60.24,2
Both sexes,26 Rioja. La,Activity rate,2019,59.52,1
Both sexes,26 Rioja. La,Unemployment rate,2019,9.89,4
Both sexes,26 Rioja. La,Unemployment rate,2019,8.99,3
Both sexes,26 Rioja. La,Unemployment rate,2019,9.86,2
Both sexes,26 Rioja. La,Unemployment rate,2019,11.1,1
Both sexes,26 Rioja. La,Employment rate,2019,53.34,4
Both sexes,26 Rioja. La,Employment rate,2019,53.77,3
Both sexes,26 Rioja. La,Employment rate,2019,54.3,2
Both sexes,26 Rioja. La,Employment rate,2019,52.91,1
Both sexes,37 Salamanca,Activity rate,2019,53.28,4
Both sexes,37 Salamanca,Activity rate,2019,53.11,3
Both sexes,37 Salamanca,Activity rate,2019,53.63,2
Both sexes,37 Salamanca,Activity rate,2019,52.98,1
Both sexes,37 Salamanca,Unemployment rate,2019,13.02,4
Both sexes,37 Salamanca,Unemployment rate,2019,13.1,3
Both sexes,37 Salamanca,Unemployment rate,2019,14.47,2
Both sexes,37 Salamanca,Unemployment rate,2019,13.01,1
Both sexes,37 Salamanca,Employment rate,2019,46.34,4
Both sexes,37 Salamanca,Employment rate,2019,46.15,3
Both sexes,37 Salamanca,Employment rate,2019,45.87,2
Both sexes,37 Salamanca,Employment rate,2019,46.09,1
Both sexes,38 Santa Cruz de Tenerife,Activity rate,2019,60.12,4
Both sexes,38 Santa Cruz de Tenerife,Activity rate,2019,59.46,3
Both sexes,38 Santa Cruz de Tenerife,Activity rate,2019,60.24,2
Both sexes,38 Santa Cruz de Tenerife,Activity rate,2019,60.48,1
Both sexes,38 Santa Cruz de Tenerife,Unemployment rate,2019,17.9,4
Both sexes,38 Santa Cruz de Tenerife,Unemployment rate,2019,19.43,3
Both sexes,38 Santa Cruz de Tenerife,Unemployment rate,2019,18.5,2
Both sexes,38 Santa Cruz de Tenerife,Unemployment rate,2019,18.94,1
Both sexes,38 Santa Cruz de Tenerife,Employment rate,2019,49.35,4
Both sexes,38 Santa Cruz de Tenerife,Employment rate,2019,47.91,3
Both sexes,38 Santa Cruz de Tenerife,Employment rate,2019,49.1,2
Both sexes,38 Santa Cruz de Tenerife,Employment rate,2019,49.02,1
Both sexes,40 Segovia,Activity rate,2019,62.29,4
Both sexes,40 Segovia,Activity rate,2019,60.24,3
Both sexes,40 Segovia,Activity rate,2019,59.27,2
Both sexes,40 Segovia,Activity rate,2019,56.28,1
Both sexes,40 Segovia,Unemployment rate,2019,11.11,4
Both sexes,40 Segovia,Unemployment rate,2019,8.46,3
Both sexes,40 Segovia,Unemployment rate,2019,9.89,2
Both sexes,40 Segovia,Unemployment rate,2019,9.87,1
Both sexes,40 Segovia,Employment rate,2019,55.37,4
Both sexes,40 Segovia,Employment rate,2019,55.14,3
Both sexes,40 Segovia,Employment rate,2019,53.41,2
Both sexes,40 Segovia,Employment rate,2019,50.72,1
Both sexes,41 Sevilla,Activity rate,2019,59,4
Both sexes,41 Sevilla,Activity rate,2019,58.79,3
Both sexes,41 Sevilla,Activity rate,2019,59.01,2
Both sexes,41 Sevilla,Activity rate,2019,58.75,1
Both sexes,41 Sevilla,Unemployment rate,2019,20.74,4
Both sexes,41 Sevilla,Unemployment rate,2019,21.42,3
Both sexes,41 Sevilla,Unemployment rate,2019,21.83,2
Both sexes,41 Sevilla,Unemployment rate,2019,22.02,1
Both sexes,41 Sevilla,Employment rate,2019,46.77,4
Both sexes,41 Sevilla,Employment rate,2019,46.2,3
Both sexes,41 Sevilla,Employment rate,2019,46.13,2
Both sexes,41 Sevilla,Employment rate,2019,45.82,1
Both sexes,42 Soria,Activity rate,2019,58.77,4
Both sexes,42 Soria,Activity rate,2019,60.55,3
Both sexes,42 Soria,Activity rate,2019,57.81,2
Both sexes,42 Soria,Activity rate,2019,56.15,1
Both sexes,42 Soria,Unemployment rate,2019,7.23,4
Both sexes,42 Soria,Unemployment rate,2019,7.05,3
Both sexes,42 Soria,Unemployment rate,2019,8.75,2
Both sexes,42 Soria,Unemployment rate,2019,6.89,1
Both sexes,42 Soria,Employment rate,2019,54.52,4
Both sexes,42 Soria,Employment rate,2019,56.28,3
Both sexes,42 Soria,Employment rate,2019,52.76,2
Both sexes,42 Soria,Employment rate,2019,52.28,1
Both sexes,43 Tarragona,Activity rate,2019,58.6,4
Both sexes,43 Tarragona,Activity rate,2019,59.67,3
Both sexes,43 Tarragona,Activity rate,2019,59.74,2
Both sexes,43 Tarragona,Activity rate,2019,58.17,1
Both sexes,43 Tarragona,Unemployment rate,2019,11.96,4
Both sexes,43 Tarragona,Unemployment rate,2019,12.21,3
Both sexes,43 Tarragona,Unemployment rate,2019,14.16,2
Both sexes,43 Tarragona,Unemployment rate,2019,15.49,1
Both sexes,43 Tarragona,Employment rate,2019,51.59,4
Both sexes,43 Tarragona,Employment rate,2019,52.38,3
Both sexes,43 Tarragona,Employment rate,2019,51.28,2
Both sexes,43 Tarragona,Employment rate,2019,49.16,1
Both sexes,44 Teruel,Activity rate,2019,57.93,4
Both sexes,44 Teruel,Activity rate,2019,56.65,3
Both sexes,44 Teruel,Activity rate,2019,56.88,2
Both sexes,44 Teruel,Activity rate,2019,55.86,1
Both sexes,44 Teruel,Unemployment rate,2019,9.04,4
Both sexes,44 Teruel,Unemployment rate,2019,8.09,3
Both sexes,44 Teruel,Unemployment rate,2019,10.29,2
Both sexes,44 Teruel,Unemployment rate,2019,11.66,1
Both sexes,44 Teruel,Employment rate,2019,52.7,4
Both sexes,44 Teruel,Employment rate,2019,52.07,3
Both sexes,44 Teruel,Employment rate,2019,51.02,2
Both sexes,44 Teruel,Employment rate,2019,49.35,1
Both sexes,45 Toledo,Activity rate,2019,59.68,4
Both sexes,45 Toledo,Activity rate,2019,59.09,3
Both sexes,45 Toledo,Activity rate,2019,58.73,2
Both sexes,45 Toledo,Activity rate,2019,59.21,1
Both sexes,45 Toledo,Unemployment rate,2019,16.47,4
Both sexes,45 Toledo,Unemployment rate,2019,16.49,3
Both sexes,45 Toledo,Unemployment rate,2019,17.86,2
Both sexes,45 Toledo,Unemployment rate,2019,16.62,1
Both sexes,45 Toledo,Employment rate,2019,49.85,4
Both sexes,45 Toledo,Employment rate,2019,49.34,3
Both sexes,45 Toledo,Employment rate,2019,48.24,2
Both sexes,45 Toledo,Employment rate,2019,49.37,1
Both sexes,46 Valencia/València,Activity rate,2019,57.73,4
Both sexes,46 Valencia/València,Activity rate,2019,58.31,3
Both sexes,46 Valencia/València,Activity rate,2019,58.58,2
Both sexes,46 Valencia/València,Activity rate,2019,58.58,1
Both sexes,46 Valencia/València,Unemployment rate,2019,12.93,4
Both sexes,46 Valencia/València,Unemployment rate,2019,14.58,3
Both sexes,46 Valencia/València,Unemployment rate,2019,14,2
Both sexes,46 Valencia/València,Unemployment rate,2019,13.09,1
Both sexes,46 Valencia/València,Employment rate,2019,50.27,4
Both sexes,46 Valencia/València,Employment rate,2019,49.81,3
Both sexes,46 Valencia/València,Employment rate,2019,50.38,2
Both sexes,46 Valencia/València,Employment rate,2019,50.91,1
Both sexes,47 Valladolid,Activity rate,2019,58.12,4
Both sexes,47 Valladolid,Activity rate,2019,58.07,3
Both sexes,47 Valladolid,Activity rate,2019,58.04,2
Both sexes,47 Valladolid,Activity rate,2019,57.13,1
Both sexes,47 Valladolid,Unemployment rate,2019,9.37,4
Both sexes,47 Valladolid,Unemployment rate,2019,11.91,3
Both sexes,47 Valladolid,Unemployment rate,2019,10.74,2
Both sexes,47 Valladolid,Unemployment rate,2019,11.45,1
Both sexes,47 Valladolid,Employment rate,2019,52.67,4
Both sexes,47 Valladolid,Employment rate,2019,51.15,3
Both sexes,47 Valladolid,Employment rate,2019,51.8,2
Both sexes,47 Valladolid,Employment rate,2019,50.58,1
Both sexes,49 Zamora,Activity rate,2019,50.09,4
Both sexes,49 Zamora,Activity rate,2019,50.32,3
Both sexes,49 Zamora,Activity rate,2019,50.45,2
Both sexes,49 Zamora,Activity rate,2019,49.06,1
Both sexes,49 Zamora,Unemployment rate,2019,14.94,4
Both sexes,49 Zamora,Unemployment rate,2019,12.38,3
Both sexes,49 Zamora,Unemployment rate,2019,14.01,2
Both sexes,49 Zamora,Unemployment rate,2019,14.87,1
Both sexes,49 Zamora,Employment rate,2019,42.61,4
Both sexes,49 Zamora,Employment rate,2019,44.09,3
Both sexes,49 Zamora,Employment rate,2019,43.38,2
Both sexes,49 Zamora,Employment rate,2019,41.77,1
Both sexes,50 Zaragoza,Activity rate,2019,59.36,4
Both sexes,50 Zaragoza,Activity rate,2019,60.06,3
Both sexes,50 Zaragoza,Activity rate,2019,59.53,2
Both sexes,50 Zaragoza,Activity rate,2019,59.28,1
Both sexes,50 Zaragoza,Unemployment rate,2019,10.13,4
Both sexes,50 Zaragoza,Unemployment rate,2019,10.31,3
Both sexes,50 Zaragoza,Unemployment rate,2019,10.06,2
Both sexes,50 Zaragoza,Unemployment rate,2019,10.65,1
Both sexes,50 Zaragoza,Employment rate,2019,53.34,4
Both sexes,50 Zaragoza,Employment rate,2019,53.87,3
Both sexes,50 Zaragoza,Employment rate,2019,53.54,2
Both sexes,50 Zaragoza,Employment rate,2019,52.97,1
Both sexes,51 Ceuta,Activity rate,2019,58.82,4
Both sexes,51 Ceuta,Activity rate,2019,58.63,3
Both sexes,51 Ceuta,Activity rate,2019,57.52,2
Both sexes,51 Ceuta,Activity rate,2019,57.35,1
Both sexes,51 Ceuta,Unemployment rate,2019,27.58,4
Both sexes,51 Ceuta,Unemployment rate,2019,28.76,3
Both sexes,51 Ceuta,Unemployment rate,2019,24.61,2
Both sexes,51 Ceuta,Unemployment rate,2019,22.31,1
Both sexes,51 Ceuta,Employment rate,2019,42.59,4
Both sexes,51 Ceuta,Employment rate,2019,41.77,3
Both sexes,51 Ceuta,Employment rate,2019,43.36,2
Both sexes,51 Ceuta,Employment rate,2019,44.55,1
Both sexes,52 Melilla,Activity rate,2019,58.08,4
Both sexes,52 Melilla,Activity rate,2019,58.41,3
Both sexes,52 Melilla,Activity rate,2019,62.05,2
Both sexes,52 Melilla,Activity rate,2019,63.33,1
Both sexes,52 Melilla,Unemployment rate,2019,26.81,4
Both sexes,52 Melilla,Unemployment rate,2019,28.99,3
Both sexes,52 Melilla,Unemployment rate,2019,26.21,2
Both sexes,52 Melilla,Unemployment rate,2019,25.92,1
Both sexes,52 Melilla,Employment rate,2019,42.51,4
Both sexes,52 Melilla,Employment rate,2019,41.48,3
Both sexes,52 Melilla,Employment rate,2019,45.79,2
Both sexes,52 Melilla,Employment rate,2019,46.91,1
Males,National Total,Activity rate,2019,64.24,4
Males,National Total,Activity rate,2019,64.46,3
Males,National Total,Activity rate,2019,64.42,2
Males,National Total,Activity rate,2019,63.99,1
Males,National Total,Unemployment rate,2019,12.23,4
Males,National Total,Unemployment rate,2019,12.17,3
Males,National Total,Unemployment rate,2019,12.49,2
Males,National Total,Unemployment rate,2019,12.9,1
Males,National Total,Employment rate,2019,56.38,4
Males,National Total,Employment rate,2019,56.61,3
Males,National Total,Employment rate,2019,56.38,2
Males,National Total,Employment rate,2019,55.73,1
Males,02 Albacete,Activity rate,2019,61.03,4
Males,02 Albacete,Activity rate,2019,63.04,3
Males,02 Albacete,Activity rate,2019,65.66,2
Males,02 Albacete,Activity rate,2019,65.92,1
Males,02 Albacete,Unemployment rate,2019,13.48,4
Males,02 Albacete,Unemployment rate,2019,11.33,3
Males,02 Albacete,Unemployment rate,2019,13.57,2
Males,02 Albacete,Unemployment rate,2019,14.24,1
Males,02 Albacete,Employment rate,2019,52.81,4
Males,02 Albacete,Employment rate,2019,55.9,3
Males,02 Albacete,Employment rate,2019,56.75,2
Males,02 Albacete,Employment rate,2019,56.53,1
Males,03 Alicante/Alacant,Activity rate,2019,65.2,4
Males,03 Alicante/Alacant,Activity rate,2019,64.59,3
Males,03 Alicante/Alacant,Activity rate,2019,64.67,2
Males,03 Alicante/Alacant,Activity rate,2019,63.03,1
Males,03 Alicante/Alacant,Unemployment rate,2019,13.34,4
Males,03 Alicante/Alacant,Unemployment rate,2019,10.31,3
Males,03 Alicante/Alacant,Unemployment rate,2019,12.32,2
Males,03 Alicante/Alacant,Unemployment rate,2019,13.41,1
Males,03 Alicante/Alacant,Employment rate,2019,56.5,4
Males,03 Alicante/Alacant,Employment rate,2019,57.93,3
Males,03 Alicante/Alacant,Employment rate,2019,56.7,2
Males,03 Alicante/Alacant,Employment rate,2019,54.58,1
Males,04 Almería,Activity rate,2019,67.22,4
Males,04 Almería,Activity rate,2019,64.45,3
Males,04 Almería,Activity rate,2019,66.35,2
Males,04 Almería,Activity rate,2019,65.07,1
Males,04 Almería,Unemployment rate,2019,15.08,4
Males,04 Almería,Unemployment rate,2019,15.38,3
Males,04 Almería,Unemployment rate,2019,15.56,2
Males,04 Almería,Unemployment rate,2019,14.33,1
Males,04 Almería,Employment rate,2019,57.08,4
Males,04 Almería,Employment rate,2019,54.54,3
Males,04 Almería,Employment rate,2019,56.02,2
Males,04 Almería,Employment rate,2019,55.75,1
Males,01 Araba/Álava,Activity rate,2019,60.41,4
Males,01 Araba/Álava,Activity rate,2019,61.21,3
Males,01 Araba/Álava,Activity rate,2019,61.81,2
Males,01 Araba/Álava,Activity rate,2019,63.21,1
Males,01 Araba/Álava,Unemployment rate,2019,6.26,4
Males,01 Araba/Álava,Unemployment rate,2019,9.36,3
Males,01 Araba/Álava,Unemployment rate,2019,8.38,2
Males,01 Araba/Álava,Unemployment rate,2019,6.56,1
Males,01 Araba/Álava,Employment rate,2019,56.63,4
Males,01 Araba/Álava,Employment rate,2019,55.48,3
Males,01 Araba/Álava,Employment rate,2019,56.64,2
Males,01 Araba/Álava,Employment rate,2019,59.06,1
Males,33 Asturias,Activity rate,2019,54.98,4
Males,33 Asturias,Activity rate,2019,55.22,3
Males,33 Asturias,Activity rate,2019,54.22,2
Males,33 Asturias,Activity rate,2019,55.17,1
Males,33 Asturias,Unemployment rate,2019,12.71,4
Males,33 Asturias,Unemployment rate,2019,14.17,3
Males,33 Asturias,Unemployment rate,2019,12.35,2
Males,33 Asturias,Unemployment rate,2019,13.97,1
Males,33 Asturias,Employment rate,2019,47.99,4
Males,33 Asturias,Employment rate,2019,47.4,3
Males,33 Asturias,Employment rate,2019,47.52,2
Males,33 Asturias,Employment rate,2019,47.46,1
Males,05 Ávila,Activity rate,2019,61.84,4
Males,05 Ávila,Activity rate,2019,60.79,3
Males,05 Ávila,Activity rate,2019,57.99,2
Males,05 Ávila,Activity rate,2019,57.15,1
Males,05 Ávila,Unemployment rate,2019,15.31,4
Males,05 Ávila,Unemployment rate,2019,13.14,3
Males,05 Ávila,Unemployment rate,2019,11.67,2
Males,05 Ávila,Unemployment rate,2019,18,1
Males,05 Ávila,Employment rate,2019,52.37,4
Males,05 Ávila,Employment rate,2019,52.81,3
Males,05 Ávila,Employment rate,2019,51.22,2
Males,05 Ávila,Employment rate,2019,46.86,1
Males,06 Badajoz,Activity rate,2019,62.85,4
Males,06 Badajoz,Activity rate,2019,62.91,3
Males,06 Badajoz,Activity rate,2019,63.08,2
Males,06 Badajoz,Activity rate,2019,64.29,1
Males,06 Badajoz,Unemployment rate,2019,19.64,4
Males,06 Badajoz,Unemployment rate,2019,15.74,3
Males,06 Badajoz,Unemployment rate,2019,14.92,2
Males,06 Badajoz,Unemployment rate,2019,16.09,1
Males,06 Badajoz,Employment rate,2019,50.51,4
Males,06 Badajoz,Employment rate,2019,53.01,3
Males,06 Badajoz,Employment rate,2019,53.67,2
Males,06 Badajoz,Employment rate,2019,53.94,1
Males,07 Balears. Illes,Activity rate,2019,67.88,4
Males,07 Balears. Illes,Activity rate,2019,71.26,3
Males,07 Balears. Illes,Activity rate,2019,70.6,2
Males,07 Balears. Illes,Activity rate,2019,68.23,1
Males,07 Balears. Illes,Unemployment rate,2019,9.43,4
Males,07 Balears. Illes,Unemployment rate,2019,8,3
Males,07 Balears. Illes,Unemployment rate,2019,9.2,2
Males,07 Balears. Illes,Unemployment rate,2019,14.74,1
Males,07 Balears. Illes,Employment rate,2019,61.48,4
Males,07 Balears. Illes,Employment rate,2019,65.56,3
Males,07 Balears. Illes,Employment rate,2019,64.1,2
Males,07 Balears. Illes,Employment rate,2019,58.17,1
Males,08 Barcelona,Activity rate,2019,66.78,4
Males,08 Barcelona,Activity rate,2019,66.48,3
Males,08 Barcelona,Activity rate,2019,66.06,2
Males,08 Barcelona,Activity rate,2019,66.45,1
Males,08 Barcelona,Unemployment rate,2019,9.85,4
Males,08 Barcelona,Unemployment rate,2019,10.5,3
Males,08 Barcelona,Unemployment rate,2019,10.77,2
Males,08 Barcelona,Unemployment rate,2019,10.7,1
Males,08 Barcelona,Employment rate,2019,60.2,4
Males,08 Barcelona,Employment rate,2019,59.5,3
Males,08 Barcelona,Employment rate,2019,58.95,2
Males,08 Barcelona,Employment rate,2019,59.34,1
Males,48 Bizkaia,Activity rate,2019,59.29,4
Males,48 Bizkaia,Activity rate,2019,59.8,3
Males,48 Bizkaia,Activity rate,2019,61.24,2
Males,48 Bizkaia,Activity rate,2019,60.03,1
Males,48 Bizkaia,Unemployment rate,2019,10.28,4
Males,48 Bizkaia,Unemployment rate,2019,10.23,3
Males,48 Bizkaia,Unemployment rate,2019,10.78,2
Males,48 Bizkaia,Unemployment rate,2019,10.61,1
Males,48 Bizkaia,Employment rate,2019,53.2,4
Males,48 Bizkaia,Employment rate,2019,53.69,3
Males,48 Bizkaia,Employment rate,2019,54.64,2
Males,48 Bizkaia,Employment rate,2019,53.66,1
Males,09 Burgos,Activity rate,2019,62.47,4
Males,09 Burgos,Activity rate,2019,63.38,3
Males,09 Burgos,Activity rate,2019,61.47,2
Males,09 Burgos,Activity rate,2019,62.35,1
Males,09 Burgos,Unemployment rate,2019,8.14,4
Males,09 Burgos,Unemployment rate,2019,6.59,3
Males,09 Burgos,Unemployment rate,2019,6.09,2
Males,09 Burgos,Unemployment rate,2019,7.6,1
Males,09 Burgos,Employment rate,2019,57.39,4
Males,09 Burgos,Employment rate,2019,59.2,3
Males,09 Burgos,Employment rate,2019,57.72,2
Males,09 Burgos,Employment rate,2019,57.61,1
Males,10 Cáceres,Activity rate,2019,60.94,4
Males,10 Cáceres,Activity rate,2019,61.61,3
Males,10 Cáceres,Activity rate,2019,61.65,2
Males,10 Cáceres,Activity rate,2019,60.19,1
Males,10 Cáceres,Unemployment rate,2019,18.6,4
Males,10 Cáceres,Unemployment rate,2019,14.55,3
Males,10 Cáceres,Unemployment rate,2019,16.12,2
Males,10 Cáceres,Unemployment rate,2019,17.18,1
Males,10 Cáceres,Employment rate,2019,49.61,4
Males,10 Cáceres,Employment rate,2019,52.65,3
Males,10 Cáceres,Employment rate,2019,51.72,2
Males,10 Cáceres,Employment rate,2019,49.84,1
Males,11 Cádiz,Activity rate,2019,62,4
Males,11 Cádiz,Activity rate,2019,64.3,3
Males,11 Cádiz,Activity rate,2019,62.57,2
Males,11 Cádiz,Activity rate,2019,61.51,1
Males,11 Cádiz,Unemployment rate,2019,18.18,4
Males,11 Cádiz,Unemployment rate,2019,19.45,3
Males,11 Cádiz,Unemployment rate,2019,18.45,2
Males,11 Cádiz,Unemployment rate,2019,22.37,1
Males,11 Cádiz,Employment rate,2019,50.73,4
Males,11 Cádiz,Employment rate,2019,51.8,3
Males,11 Cádiz,Employment rate,2019,51.02,2
Males,11 Cádiz,Employment rate,2019,47.75,1
Males,39 Cantabria,Activity rate,2019,60.66,4
Males,39 Cantabria,Activity rate,2019,61.36,3
Males,39 Cantabria,Activity rate,2019,61.32,2
Males,39 Cantabria,Activity rate,2019,61.34,1
Males,39 Cantabria,Unemployment rate,2019,10.32,4
Males,39 Cantabria,Unemployment rate,2019,8.13,3
Males,39 Cantabria,Unemployment rate,2019,8.82,2
Males,39 Cantabria,Unemployment rate,2019,11.3,1
Males,39 Cantabria,Employment rate,2019,54.4,4
Males,39 Cantabria,Employment rate,2019,56.37,3
Males,39 Cantabria,Employment rate,2019,55.91,2
Males,39 Cantabria,Employment rate,2019,54.4,1
Males,12 Castellón/Castelló,Activity rate,2019,64.84,4
Males,12 Castellón/Castelló,Activity rate,2019,65.01,3
Males,12 Castellón/Castelló,Activity rate,2019,64.03,2
Males,12 Castellón/Castelló,Activity rate,2019,63.45,1
Males,12 Castellón/Castelló,Unemployment rate,2019,10.86,4
Males,12 Castellón/Castelló,Unemployment rate,2019,8.96,3
Males,12 Castellón/Castelló,Unemployment rate,2019,11.56,2
Males,12 Castellón/Castelló,Unemployment rate,2019,11.51,1
Males,12 Castellón/Castelló,Employment rate,2019,57.8,4
Males,12 Castellón/Castelló,Employment rate,2019,59.19,3
Males,12 Castellón/Castelló,Employment rate,2019,56.63,2
Males,12 Castellón/Castelló,Employment rate,2019,56.14,1
Males,13 Ciudad Real,Activity rate,2019,62.9,4
Males,13 Ciudad Real,Activity rate,2019,63.24,3
Males,13 Ciudad Real,Activity rate,2019,62.9,2
Males,13 Ciudad Real,Activity rate,2019,63.1,1
Males,13 Ciudad Real,Unemployment rate,2019,12.29,4
Males,13 Ciudad Real,Unemployment rate,2019,13.24,3
Males,13 Ciudad Real,Unemployment rate,2019,12.62,2
Males,13 Ciudad Real,Unemployment rate,2019,11.09,1
Males,13 Ciudad Real,Employment rate,2019,55.17,4
Males,13 Ciudad Real,Employment rate,2019,54.87,3
Males,13 Ciudad Real,Employment rate,2019,54.96,2
Males,13 Ciudad Real,Employment rate,2019,56.11,1
Males,14 Córdoba,Activity rate,2019,64.86,4
Males,14 Córdoba,Activity rate,2019,65.33,3
Males,14 Córdoba,Activity rate,2019,63.82,2
Males,14 Córdoba,Activity rate,2019,63.47,1
Males,14 Córdoba,Unemployment rate,2019,21.9,4
Males,14 Córdoba,Unemployment rate,2019,21.21,3
Males,14 Córdoba,Unemployment rate,2019,16.86,2
Males,14 Córdoba,Unemployment rate,2019,15.62,1
Males,14 Córdoba,Employment rate,2019,50.65,4
Males,14 Córdoba,Employment rate,2019,51.47,3
Males,14 Córdoba,Employment rate,2019,53.06,2
Males,14 Córdoba,Employment rate,2019,53.56,1
Males,15 Coruña. A,Activity rate,2019,59.55,4
Males,15 Coruña. A,Activity rate,2019,60,3
Males,15 Coruña. A,Activity rate,2019,59.32,2
Males,15 Coruña. A,Activity rate,2019,59.03,1
Males,15 Coruña. A,Unemployment rate,2019,8.99,4
Males,15 Coruña. A,Unemployment rate,2019,9.19,3
Males,15 Coruña. A,Unemployment rate,2019,8.96,2
Males,15 Coruña. A,Unemployment rate,2019,9.99,1
Males,15 Coruña. A,Employment rate,2019,54.2,4
Males,15 Coruña. A,Employment rate,2019,54.48,3
Males,15 Coruña. A,Employment rate,2019,54.01,2
Males,15 Coruña. A,Employment rate,2019,53.13,1
Males,16 Cuenca,Activity rate,2019,65.28,4
Males,16 Cuenca,Activity rate,2019,63.83,3
Males,16 Cuenca,Activity rate,2019,61.95,2
Males,16 Cuenca,Activity rate,2019,63.3,1
Males,16 Cuenca,Unemployment rate,2019,11.74,4
Males,16 Cuenca,Unemployment rate,2019,13.04,3
Males,16 Cuenca,Unemployment rate,2019,11.34,2
Males,16 Cuenca,Unemployment rate,2019,9.24,1
Males,16 Cuenca,Employment rate,2019,57.62,4
Males,16 Cuenca,Employment rate,2019,55.51,3
Males,16 Cuenca,Employment rate,2019,54.92,2
Males,16 Cuenca,Employment rate,2019,57.45,1
Males,20 Gipuzkoa,Activity rate,2019,60.28,4
Males,20 Gipuzkoa,Activity rate,2019,60.76,3
Males,20 Gipuzkoa,Activity rate,2019,61.87,2
Males,20 Gipuzkoa,Activity rate,2019,60.16,1
Males,20 Gipuzkoa,Unemployment rate,2019,7.01,4
Males,20 Gipuzkoa,Unemployment rate,2019,4.66,3
Males,20 Gipuzkoa,Unemployment rate,2019,8.15,2
Males,20 Gipuzkoa,Unemployment rate,2019,8.06,1
Males,20 Gipuzkoa,Employment rate,2019,56.06,4
Males,20 Gipuzkoa,Employment rate,2019,57.93,3
Males,20 Gipuzkoa,Employment rate,2019,56.82,2
Males,20 Gipuzkoa,Employment rate,2019,55.31,1
Males,17 Girona,Activity rate,2019,66.3,4
Males,17 Girona,Activity rate,2019,67.2,3
Males,17 Girona,Activity rate,2019,68.04,2
Males,17 Girona,Activity rate,2019,68.02,1
Males,17 Girona,Unemployment rate,2019,9.94,4
Males,17 Girona,Unemployment rate,2019,7.27,3
Males,17 Girona,Unemployment rate,2019,10.16,2
Males,17 Girona,Unemployment rate,2019,12.16,1
Males,17 Girona,Employment rate,2019,59.71,4
Males,17 Girona,Employment rate,2019,62.32,3
Males,17 Girona,Employment rate,2019,61.12,2
Males,17 Girona,Employment rate,2019,59.75,1
Males,18 Granada,Activity rate,2019,63.51,4
Males,18 Granada,Activity rate,2019,63.86,3
Males,18 Granada,Activity rate,2019,64.6,2
Males,18 Granada,Activity rate,2019,62.99,1
Males,18 Granada,Unemployment rate,2019,16.29,4
Males,18 Granada,Unemployment rate,2019,21.42,3
Males,18 Granada,Unemployment rate,2019,21.3,2
Males,18 Granada,Unemployment rate,2019,16.83,1
Males,18 Granada,Employment rate,2019,53.16,4
Males,18 Granada,Employment rate,2019,50.18,3
Males,18 Granada,Employment rate,2019,50.84,2
Males,18 Granada,Employment rate,2019,52.39,1
Males,19 Guadalajara,Activity rate,2019,71.09,4
Males,19 Guadalajara,Activity rate,2019,71.88,3
Males,19 Guadalajara,Activity rate,2019,72.09,2
Males,19 Guadalajara,Activity rate,2019,71.11,1
Males,19 Guadalajara,Unemployment rate,2019,10.41,4
Males,19 Guadalajara,Unemployment rate,2019,9.38,3
Males,19 Guadalajara,Unemployment rate,2019,11.81,2
Males,19 Guadalajara,Unemployment rate,2019,9.97,1
Males,19 Guadalajara,Employment rate,2019,63.69,4
Males,19 Guadalajara,Employment rate,2019,65.13,3
Males,19 Guadalajara,Employment rate,2019,63.58,2
Males,19 Guadalajara,Employment rate,2019,64.02,1
Males,21 Huelva,Activity rate,2019,61.63,4
Males,21 Huelva,Activity rate,2019,63.19,3
Males,21 Huelva,Activity rate,2019,63.69,2
Males,21 Huelva,Activity rate,2019,63.34,1
Males,21 Huelva,Unemployment rate,2019,18.31,4
Males,21 Huelva,Unemployment rate,2019,19.43,3
Males,21 Huelva,Unemployment rate,2019,15.95,2
Males,21 Huelva,Unemployment rate,2019,18.61,1
Males,21 Huelva,Employment rate,2019,50.35,4
Males,21 Huelva,Employment rate,2019,50.91,3
Males,21 Huelva,Employment rate,2019,53.53,2
Males,21 Huelva,Employment rate,2019,51.55,1
Males,22 Huesca,Activity rate,2019,65.81,4
Males,22 Huesca,Activity rate,2019,67.08,3
Males,22 Huesca,Activity rate,2019,66.19,2
Males,22 Huesca,Activity rate,2019,65.2,1
Males,22 Huesca,Unemployment rate,2019,9.42,4
Males,22 Huesca,Unemployment rate,2019,6.58,3
Males,22 Huesca,Unemployment rate,2019,9.71,2
Males,22 Huesca,Unemployment rate,2019,8.91,1
Males,22 Huesca,Employment rate,2019,59.61,4
Males,22 Huesca,Employment rate,2019,62.67,3
Males,22 Huesca,Employment rate,2019,59.76,2
Males,22 Huesca,Employment rate,2019,59.39,1
Males,23 Jaén,Activity rate,2019,59.3,4
Males,23 Jaén,Activity rate,2019,59.05,3
Males,23 Jaén,Activity rate,2019,59.29,2
Males,23 Jaén,Activity rate,2019,59.31,1
Males,23 Jaén,Unemployment rate,2019,15.88,4
Males,23 Jaén,Unemployment rate,2019,18.26,3
Males,23 Jaén,Unemployment rate,2019,18.39,2
Males,23 Jaén,Unemployment rate,2019,16.71,1
Males,23 Jaén,Employment rate,2019,49.89,4
Males,23 Jaén,Employment rate,2019,48.27,3
Males,23 Jaén,Employment rate,2019,48.38,2
Males,23 Jaén,Employment rate,2019,49.39,1
Males,24 León,Activity rate,2019,56.74,4
Males,24 León,Activity rate,2019,58.09,3
Males,24 León,Activity rate,2019,58.58,2
Males,24 León,Activity rate,2019,55.83,1
Males,24 León,Unemployment rate,2019,11.69,4
Males,24 León,Unemployment rate,2019,10.93,3
Males,24 León,Unemployment rate,2019,10.64,2
Males,24 León,Unemployment rate,2019,11.08,1
Males,24 León,Employment rate,2019,50.11,4
Males,24 León,Employment rate,2019,51.74,3
Males,24 León,Employment rate,2019,52.34,2
Males,24 León,Employment rate,2019,49.65,1
Males,25 Lleida,Activity rate,2019,67.06,4
Males,25 Lleida,Activity rate,2019,68.38,3
Males,25 Lleida,Activity rate,2019,67.21,2
Males,25 Lleida,Activity rate,2019,66.25,1
Males,25 Lleida,Unemployment rate,2019,7.41,4
Males,25 Lleida,Unemployment rate,2019,9.46,3
Males,25 Lleida,Unemployment rate,2019,10.88,2
Males,25 Lleida,Unemployment rate,2019,10.07,1
Males,25 Lleida,Employment rate,2019,62.09,4
Males,25 Lleida,Employment rate,2019,61.91,3
Males,25 Lleida,Employment rate,2019,59.9,2
Males,25 Lleida,Employment rate,2019,59.58,1
Males,27 Lugo,Activity rate,2019,56.06,4
Males,27 Lugo,Activity rate,2019,55.01,3
Males,27 Lugo,Activity rate,2019,53.84,2
Males,27 Lugo,Activity rate,2019,53.37,1
Males,27 Lugo,Unemployment rate,2019,7.93,4
Males,27 Lugo,Unemployment rate,2019,6.04,3
Males,27 Lugo,Unemployment rate,2019,7.11,2
Males,27 Lugo,Unemployment rate,2019,8.96,1
Males,27 Lugo,Employment rate,2019,51.62,4
Males,27 Lugo,Employment rate,2019,51.69,3
Males,27 Lugo,Employment rate,2019,50.01,2
Males,27 Lugo,Employment rate,2019,48.58,1
Males,28 Madrid,Activity rate,2019,68.05,4
Males,28 Madrid,Activity rate,2019,67.72,3
Males,28 Madrid,Activity rate,2019,67.78,2
Males,28 Madrid,Activity rate,2019,67.67,1
Males,28 Madrid,Unemployment rate,2019,9.4,4
Males,28 Madrid,Unemployment rate,2019,9.41,3
Males,28 Madrid,Unemployment rate,2019,9.8,2
Males,28 Madrid,Unemployment rate,2019,10.64,1
Males,28 Madrid,Employment rate,2019,61.65,4
Males,28 Madrid,Employment rate,2019,61.35,3
Males,28 Madrid,Employment rate,2019,61.14,2
Males,28 Madrid,Employment rate,2019,60.47,1
Males,29 Málaga,Activity rate,2019,61.61,4
Males,29 Málaga,Activity rate,2019,62.49,3
Males,29 Málaga,Activity rate,2019,62.9,2
Males,29 Málaga,Activity rate,2019,62.95,1
Males,29 Málaga,Unemployment rate,2019,16.22,4
Males,29 Málaga,Unemployment rate,2019,15.52,3
Males,29 Málaga,Unemployment rate,2019,15.76,2
Males,29 Málaga,Unemployment rate,2019,14.69,1
Males,29 Málaga,Employment rate,2019,51.62,4
Males,29 Málaga,Employment rate,2019,52.79,3
Males,29 Málaga,Employment rate,2019,52.98,2
Males,29 Málaga,Employment rate,2019,53.7,1
Males,30 Murcia,Activity rate,2019,66.68,4
Males,30 Murcia,Activity rate,2019,66.26,3
Males,30 Murcia,Activity rate,2019,66.49,2
Males,30 Murcia,Activity rate,2019,66.2,1
Males,30 Murcia,Unemployment rate,2019,12.95,4
Males,30 Murcia,Unemployment rate,2019,12.2,3
Males,30 Murcia,Unemployment rate,2019,10.77,2
Males,30 Murcia,Unemployment rate,2019,11.59,1
Males,30 Murcia,Employment rate,2019,58.05,4
Males,30 Murcia,Employment rate,2019,58.17,3
Males,30 Murcia,Employment rate,2019,59.33,2
Males,30 Murcia,Employment rate,2019,58.53,1
Males,31 Navarra,Activity rate,2019,63.29,4
Males,31 Navarra,Activity rate,2019,63.86,3
Males,31 Navarra,Activity rate,2019,64.43,2
Males,31 Navarra,Activity rate,2019,62.32,1
Males,31 Navarra,Unemployment rate,2019,8.12,4
Males,31 Navarra,Unemployment rate,2019,6.64,3
Males,31 Navarra,Unemployment rate,2019,6.78,2
Males,31 Navarra,Unemployment rate,2019,8.04,1
Males,31 Navarra,Employment rate,2019,58.15,4
Males,31 Navarra,Employment rate,2019,59.62,3
Males,31 Navarra,Employment rate,2019,60.06,2
Males,31 Navarra,Employment rate,2019,57.31,1
Males,32 Ourense,Activity rate,2019,50.72,4
Males,32 Ourense,Activity rate,2019,51.1,3
Males,32 Ourense,Activity rate,2019,52.45,2
Males,32 Ourense,Activity rate,2019,51.76,1
Males,32 Ourense,Unemployment rate,2019,11.62,4
Males,32 Ourense,Unemployment rate,2019,11.91,3
Males,32 Ourense,Unemployment rate,2019,11,2
Males,32 Ourense,Unemployment rate,2019,14.77,1
Males,32 Ourense,Employment rate,2019,44.83,4
Males,32 Ourense,Employment rate,2019,45.01,3
Males,32 Ourense,Employment rate,2019,46.68,2
Males,32 Ourense,Employment rate,2019,44.12,1
Males,34 Palencia,Activity rate,2019,58.32,4
Males,34 Palencia,Activity rate,2019,58.45,3
Males,34 Palencia,Activity rate,2019,58.58,2
Males,34 Palencia,Activity rate,2019,58.81,1
Males,34 Palencia,Unemployment rate,2019,7.74,4
Males,34 Palencia,Unemployment rate,2019,5.55,3
Males,34 Palencia,Unemployment rate,2019,11.25,2
Males,34 Palencia,Unemployment rate,2019,12.09,1
Males,34 Palencia,Employment rate,2019,53.81,4
Males,34 Palencia,Employment rate,2019,55.2,3
Males,34 Palencia,Employment rate,2019,51.99,2
Males,34 Palencia,Employment rate,2019,51.71,1
Males,35 Palmas. Las,Activity rate,2019,65.91,4
Males,35 Palmas. Las,Activity rate,2019,63.43,3
Males,35 Palmas. Las,Activity rate,2019,64.5,2
Males,35 Palmas. Las,Activity rate,2019,64.17,1
Males,35 Palmas. Las,Unemployment rate,2019,17.88,4
Males,35 Palmas. Las,Unemployment rate,2019,19.51,3
Males,35 Palmas. Las,Unemployment rate,2019,22.66,2
Males,35 Palmas. Las,Unemployment rate,2019,23.87,1
Males,35 Palmas. Las,Employment rate,2019,54.12,4
Males,35 Palmas. Las,Employment rate,2019,51.05,3
Males,35 Palmas. Las,Employment rate,2019,49.88,2
Males,35 Palmas. Las,Employment rate,2019,48.85,1
Males,36 Pontevedra,Activity rate,2019,58.06,4
Males,36 Pontevedra,Activity rate,2019,59.07,3
Males,36 Pontevedra,Activity rate,2019,58.64,2
Males,36 Pontevedra,Activity rate,2019,58.06,1
Males,36 Pontevedra,Unemployment rate,2019,12.33,4
Males,36 Pontevedra,Unemployment rate,2019,11.29,3
Males,36 Pontevedra,Unemployment rate,2019,13.96,2
Males,36 Pontevedra,Unemployment rate,2019,15.04,1
Males,36 Pontevedra,Employment rate,2019,50.91,4
Males,36 Pontevedra,Employment rate,2019,52.41,3
Males,36 Pontevedra,Employment rate,2019,50.45,2
Males,36 Pontevedra,Employment rate,2019,49.32,1
Males,26 Rioja. La,Activity rate,2019,63.6,4
Males,26 Rioja. La,Activity rate,2019,64.66,3
Males,26 Rioja. La,Activity rate,2019,64.9,2
Males,26 Rioja. La,Activity rate,2019,63.52,1
Males,26 Rioja. La,Unemployment rate,2019,10.39,4
Males,26 Rioja. La,Unemployment rate,2019,9.8,3
Males,26 Rioja. La,Unemployment rate,2019,10.02,2
Males,26 Rioja. La,Unemployment rate,2019,10.29,1
Males,26 Rioja. La,Employment rate,2019,57,4
Males,26 Rioja. La,Employment rate,2019,58.32,3
Males,26 Rioja. La,Employment rate,2019,58.39,2
Males,26 Rioja. La,Employment rate,2019,56.98,1
Males,37 Salamanca,Activity rate,2019,60.5,4
Males,37 Salamanca,Activity rate,2019,60.02,3
Males,37 Salamanca,Activity rate,2019,61.91,2
Males,37 Salamanca,Activity rate,2019,61.16,1
Males,37 Salamanca,Unemployment rate,2019,10.45,4
Males,37 Salamanca,Unemployment rate,2019,12.51,3
Males,37 Salamanca,Unemployment rate,2019,12.49,2
Males,37 Salamanca,Unemployment rate,2019,11.03,1
Males,37 Salamanca,Employment rate,2019,54.18,4
Males,37 Salamanca,Employment rate,2019,52.51,3
Males,37 Salamanca,Employment rate,2019,54.17,2
Males,37 Salamanca,Employment rate,2019,54.41,1
Males,38 Santa Cruz de Tenerife,Activity rate,2019,65.38,4
Males,38 Santa Cruz de Tenerife,Activity rate,2019,65.64,3
Males,38 Santa Cruz de Tenerife,Activity rate,2019,66.53,2
Males,38 Santa Cruz de Tenerife,Activity rate,2019,65.83,1
Males,38 Santa Cruz de Tenerife,Unemployment rate,2019,17.03,4
Males,38 Santa Cruz de Tenerife,Unemployment rate,2019,18,3
Males,38 Santa Cruz de Tenerife,Unemployment rate,2019,18.36,2
Males,38 Santa Cruz de Tenerife,Unemployment rate,2019,16.92,1
Males,38 Santa Cruz de Tenerife,Employment rate,2019,54.25,4
Males,38 Santa Cruz de Tenerife,Employment rate,2019,53.82,3
Males,38 Santa Cruz de Tenerife,Employment rate,2019,54.31,2
Males,38 Santa Cruz de Tenerife,Employment rate,2019,54.69,1
Males,40 Segovia,Activity rate,2019,68.2,4
Males,40 Segovia,Activity rate,2019,67.13,3
Males,40 Segovia,Activity rate,2019,66.46,2
Males,40 Segovia,Activity rate,2019,64.23,1
Males,40 Segovia,Unemployment rate,2019,10.29,4
Males,40 Segovia,Unemployment rate,2019,7.26,3
Males,40 Segovia,Unemployment rate,2019,8.08,2
Males,40 Segovia,Unemployment rate,2019,8.92,1
Males,40 Segovia,Employment rate,2019,61.18,4
Males,40 Segovia,Employment rate,2019,62.26,3
Males,40 Segovia,Employment rate,2019,61.09,2
Males,40 Segovia,Employment rate,2019,58.51,1
Males,41 Sevilla,Activity rate,2019,65.25,4
Males,41 Sevilla,Activity rate,2019,64.93,3
Males,41 Sevilla,Activity rate,2019,64.87,2
Males,41 Sevilla,Activity rate,2019,64.79,1
Males,41 Sevilla,Unemployment rate,2019,19.53,4
Males,41 Sevilla,Unemployment rate,2019,18.23,3
Males,41 Sevilla,Unemployment rate,2019,18.43,2
Males,41 Sevilla,Unemployment rate,2019,19.04,1
Males,41 Sevilla,Employment rate,2019,52.5,4
Males,41 Sevilla,Employment rate,2019,53.09,3
Males,41 Sevilla,Employment rate,2019,52.92,2
Males,41 Sevilla,Employment rate,2019,52.45,1
Males,42 Soria,Activity rate,2019,63.77,4
Males,42 Soria,Activity rate,2019,65.52,3
Males,42 Soria,Activity rate,2019,62.38,2
Males,42 Soria,Activity rate,2019,60.66,1
Males,42 Soria,Unemployment rate,2019,5.25,4
Males,42 Soria,Unemployment rate,2019,5.99,3
Males,42 Soria,Unemployment rate,2019,5.84,2
Males,42 Soria,Unemployment rate,2019,5.07,1
Males,42 Soria,Employment rate,2019,60.42,4
Males,42 Soria,Employment rate,2019,61.6,3
Males,42 Soria,Employment rate,2019,58.74,2
Males,42 Soria,Employment rate,2019,57.59,1
Males,43 Tarragona,Activity rate,2019,64.38,4
Males,43 Tarragona,Activity rate,2019,65.31,3
Males,43 Tarragona,Activity rate,2019,65.51,2
Males,43 Tarragona,Activity rate,2019,63.97,1
Males,43 Tarragona,Unemployment rate,2019,12.32,4
Males,43 Tarragona,Unemployment rate,2019,12.4,3
Males,43 Tarragona,Unemployment rate,2019,13.22,2
Males,43 Tarragona,Unemployment rate,2019,13.56,1
Males,43 Tarragona,Employment rate,2019,56.44,4
Males,43 Tarragona,Employment rate,2019,57.21,3
Males,43 Tarragona,Employment rate,2019,56.84,2
Males,43 Tarragona,Employment rate,2019,55.3,1
Males,44 Teruel,Activity rate,2019,63.61,4
Males,44 Teruel,Activity rate,2019,61.8,3
Males,44 Teruel,Activity rate,2019,62.03,2
Males,44 Teruel,Activity rate,2019,62.69,1
Males,44 Teruel,Unemployment rate,2019,8.2,4
Males,44 Teruel,Unemployment rate,2019,5.88,3
Males,44 Teruel,Unemployment rate,2019,7.68,2
Males,44 Teruel,Unemployment rate,2019,11.49,1
Males,44 Teruel,Employment rate,2019,58.39,4
Males,44 Teruel,Employment rate,2019,58.17,3
Males,44 Teruel,Employment rate,2019,57.26,2
Males,44 Teruel,Employment rate,2019,55.48,1
Males,45 Toledo,Activity rate,2019,66.83,4
Males,45 Toledo,Activity rate,2019,66.49,3
Males,45 Toledo,Activity rate,2019,65.75,2
Males,45 Toledo,Activity rate,2019,65.9,1
Males,45 Toledo,Unemployment rate,2019,12.66,4
Males,45 Toledo,Unemployment rate,2019,13.01,3
Males,45 Toledo,Unemployment rate,2019,13.23,2
Males,45 Toledo,Unemployment rate,2019,11.81,1
Males,45 Toledo,Employment rate,2019,58.37,4
Males,45 Toledo,Employment rate,2019,57.84,3
Males,45 Toledo,Employment rate,2019,57.05,2
Males,45 Toledo,Employment rate,2019,58.12,1
Males,46 Valencia/València,Activity rate,2019,64.32,4
Males,46 Valencia/València,Activity rate,2019,65.18,3
Males,46 Valencia/València,Activity rate,2019,65.17,2
Males,46 Valencia/València,Activity rate,2019,64.74,1
Males,46 Valencia/València,Unemployment rate,2019,10.96,4
Males,46 Valencia/València,Unemployment rate,2019,12.83,3
Males,46 Valencia/València,Unemployment rate,2019,12.03,2
Males,46 Valencia/València,Unemployment rate,2019,10.69,1
Males,46 Valencia/València,Employment rate,2019,57.27,4
Males,46 Valencia/València,Employment rate,2019,56.82,3
Males,46 Valencia/València,Employment rate,2019,57.33,2
Males,46 Valencia/València,Employment rate,2019,57.82,1
Males,47 Valladolid,Activity rate,2019,63.62,4
Males,47 Valladolid,Activity rate,2019,64.39,3
Males,47 Valladolid,Activity rate,2019,63.98,2
Males,47 Valladolid,Activity rate,2019,62.51,1
Males,47 Valladolid,Unemployment rate,2019,7.23,4
Males,47 Valladolid,Unemployment rate,2019,10.29,3
Males,47 Valladolid,Unemployment rate,2019,10.49,2
Males,47 Valladolid,Unemployment rate,2019,10.67,1
Males,47 Valladolid,Employment rate,2019,59.02,4
Males,47 Valladolid,Employment rate,2019,57.77,3
Males,47 Valladolid,Employment rate,2019,57.27,2
Males,47 Valladolid,Employment rate,2019,55.84,1
Males,49 Zamora,Activity rate,2019,55.28,4
Males,49 Zamora,Activity rate,2019,55.03,3
Males,49 Zamora,Activity rate,2019,55.27,2
Males,49 Zamora,Activity rate,2019,54.36,1
Males,49 Zamora,Unemployment rate,2019,12.83,4
Males,49 Zamora,Unemployment rate,2019,10.64,3
Males,49 Zamora,Unemployment rate,2019,11.64,2
Males,49 Zamora,Unemployment rate,2019,13.31,1
Males,49 Zamora,Employment rate,2019,48.19,4
Males,49 Zamora,Employment rate,2019,49.18,3
Males,49 Zamora,Employment rate,2019,48.84,2
Males,49 Zamora,Employment rate,2019,47.13,1
Males,50 Zaragoza,Activity rate,2019,65.25,4
Males,50 Zaragoza,Activity rate,2019,66.69,3
Males,50 Zaragoza,Activity rate,2019,65.5,2
Males,50 Zaragoza,Activity rate,2019,65.51,1
Males,50 Zaragoza,Unemployment rate,2019,8.6,4
Males,50 Zaragoza,Unemployment rate,2019,9.54,3
Males,50 Zaragoza,Unemployment rate,2019,8.48,2
Males,50 Zaragoza,Unemployment rate,2019,8.94,1
Males,50 Zaragoza,Employment rate,2019,59.64,4
Males,50 Zaragoza,Employment rate,2019,60.33,3
Males,50 Zaragoza,Employment rate,2019,59.94,2
Males,50 Zaragoza,Employment rate,2019,59.65,1
Males,51 Ceuta,Activity rate,2019,68.39,4
Males,51 Ceuta,Activity rate,2019,67.58,3
Males,51 Ceuta,Activity rate,2019,68.21,2
Males,51 Ceuta,Activity rate,2019,65.13,1
Males,51 Ceuta,Unemployment rate,2019,25.26,4
Males,51 Ceuta,Unemployment rate,2019,26.05,3
Males,51 Ceuta,Unemployment rate,2019,22.71,2
Males,51 Ceuta,Unemployment rate,2019,17.89,1
Males,51 Ceuta,Employment rate,2019,51.11,4
Males,51 Ceuta,Employment rate,2019,49.98,3
Males,51 Ceuta,Employment rate,2019,52.72,2
Males,51 Ceuta,Employment rate,2019,53.48,1
Males,52 Melilla,Activity rate,2019,63.6,4
Males,52 Melilla,Activity rate,2019,63.84,3
Males,52 Melilla,Activity rate,2019,69.61,2
Males,52 Melilla,Activity rate,2019,71.38,1
Males,52 Melilla,Unemployment rate,2019,21.31,4
Males,52 Melilla,Unemployment rate,2019,22.43,3
Males,52 Melilla,Unemployment rate,2019,22.6,2
Males,52 Melilla,Unemployment rate,2019,22.96,1
Males,52 Melilla,Employment rate,2019,50.04,4
Males,52 Melilla,Employment rate,2019,49.52,3
Males,52 Melilla,Employment rate,2019,53.87,2
Males,52 Melilla,Employment rate,2019,54.99,1
Females,National Total,Activity rate,2019,53.53,4
Females,National Total,Activity rate,2019,53.28,3
Females,National Total,Activity rate,2019,53.37,2
Females,National Total,Activity rate,2019,53.02,1
Females,National Total,Unemployment rate,2019,15.55,4
Females,National Total,Unemployment rate,2019,15.92,3
Females,National Total,Unemployment rate,2019,15.78,2
Females,National Total,Unemployment rate,2019,16.74,1
Females,National Total,Employment rate,2019,45.21,4
Females,National Total,Employment rate,2019,44.8,3
Females,National Total,Employment rate,2019,44.95,2
Females,National Total,Employment rate,2019,44.15,1
Females,02 Albacete,Activity rate,2019,50.12,4
Females,02 Albacete,Activity rate,2019,49.14,3
Females,02 Albacete,Activity rate,2019,46.36,2
Females,02 Albacete,Activity rate,2019,48.95,1
Females,02 Albacete,Unemployment rate,2019,20.56,4
Females,02 Albacete,Unemployment rate,2019,23.05,3
Females,02 Albacete,Unemployment rate,2019,23.47,2
Females,02 Albacete,Unemployment rate,2019,22.66,1
Females,02 Albacete,Employment rate,2019,39.81,4
Females,02 Albacete,Employment rate,2019,37.82,3
Females,02 Albacete,Employment rate,2019,35.48,2
Females,02 Albacete,Employment rate,2019,37.86,1
Females,03 Alicante/Alacant,Activity rate,2019,53.45,4
Females,03 Alicante/Alacant,Activity rate,2019,52.69,3
Females,03 Alicante/Alacant,Activity rate,2019,52.72,2
Females,03 Alicante/Alacant,Activity rate,2019,49.45,1
Females,03 Alicante/Alacant,Unemployment rate,2019,18.45,4
Females,03 Alicante/Alacant,Unemployment rate,2019,17.46,3
Females,03 Alicante/Alacant,Unemployment rate,2019,17.55,2
Females,03 Alicante/Alacant,Unemployment rate,2019,17.96,1
Females,03 Alicante/Alacant,Employment rate,2019,43.59,4
Females,03 Alicante/Alacant,Employment rate,2019,43.49,3
Females,03 Alicante/Alacant,Employment rate,2019,43.47,2
Females,03 Alicante/Alacant,Employment rate,2019,40.57,1
Females,04 Almería,Activity rate,2019,54.12,4
Females,04 Almería,Activity rate,2019,51.07,3
Females,04 Almería,Activity rate,2019,50.63,2
Females,04 Almería,Activity rate,2019,53.49,1
Females,04 Almería,Unemployment rate,2019,22.89,4
Females,04 Almería,Unemployment rate,2019,25.36,3
Females,04 Almería,Unemployment rate,2019,16.86,2
Females,04 Almería,Unemployment rate,2019,18.2,1
Females,04 Almería,Employment rate,2019,41.73,4
Females,04 Almería,Employment rate,2019,38.11,3
Females,04 Almería,Employment rate,2019,42.09,2
Females,04 Almería,Employment rate,2019,43.76,1
Females,01 Araba/Álava,Activity rate,2019,52.62,4
Females,01 Araba/Álava,Activity rate,2019,53.46,3
Females,01 Araba/Álava,Activity rate,2019,55.08,2
Females,01 Araba/Álava,Activity rate,2019,55.78,1
Females,01 Araba/Álava,Unemployment rate,2019,8.45,4
Females,01 Araba/Álava,Unemployment rate,2019,11.16,3
Females,01 Araba/Álava,Unemployment rate,2019,7.68,2
Females,01 Araba/Álava,Unemployment rate,2019,8.59,1
Females,01 Araba/Álava,Employment rate,2019,48.17,4
Females,01 Araba/Álava,Employment rate,2019,47.5,3
Females,01 Araba/Álava,Employment rate,2019,50.85,2
Females,01 Araba/Álava,Employment rate,2019,50.99,1
Females,33 Asturias,Activity rate,2019,46.98,4
Females,33 Asturias,Activity rate,2019,46.69,3
Females,33 Asturias,Activity rate,2019,46.89,2
Females,33 Asturias,Activity rate,2019,47.08,1
Females,33 Asturias,Unemployment rate,2019,13.59,4
Females,33 Asturias,Unemployment rate,2019,14.71,3
Females,33 Asturias,Unemployment rate,2019,16.07,2
Females,33 Asturias,Unemployment rate,2019,16.15,1
Females,33 Asturias,Employment rate,2019,40.59,4
Females,33 Asturias,Employment rate,2019,39.82,3
Females,33 Asturias,Employment rate,2019,39.35,2
Females,33 Asturias,Employment rate,2019,39.48,1
Females,05 Ávila,Activity rate,2019,47.42,4
Females,05 Ávila,Activity rate,2019,46.11,3
Females,05 Ávila,Activity rate,2019,46.06,2
Females,05 Ávila,Activity rate,2019,44.34,1
Females,05 Ávila,Unemployment rate,2019,11.26,4
Females,05 Ávila,Unemployment rate,2019,11.99,3
Females,05 Ávila,Unemployment rate,2019,18.62,2
Females,05 Ávila,Unemployment rate,2019,17.69,1
Females,05 Ávila,Employment rate,2019,42.08,4
Females,05 Ávila,Employment rate,2019,40.58,3
Females,05 Ávila,Employment rate,2019,37.48,2
Females,05 Ávila,Employment rate,2019,36.5,1
Females,06 Badajoz,Activity rate,2019,49.7,4
Females,06 Badajoz,Activity rate,2019,49.89,3
Females,06 Badajoz,Activity rate,2019,48.89,2
Females,06 Badajoz,Activity rate,2019,49.92,1
Females,06 Badajoz,Unemployment rate,2019,30.76,4
Females,06 Badajoz,Unemployment rate,2019,25.53,3
Females,06 Badajoz,Unemployment rate,2019,28.45,2
Females,06 Badajoz,Unemployment rate,2019,33.92,1
Females,06 Badajoz,Employment rate,2019,34.41,4
Females,06 Badajoz,Employment rate,2019,37.15,3
Females,06 Badajoz,Employment rate,2019,34.98,2
Females,06 Badajoz,Employment rate,2019,32.99,1
Females,07 Balears. Illes,Activity rate,2019,56.93,4
Females,07 Balears. Illes,Activity rate,2019,62.83,3
Females,07 Balears. Illes,Activity rate,2019,61.12,2
Females,07 Balears. Illes,Activity rate,2019,56.68,1
Females,07 Balears. Illes,Unemployment rate,2019,10.47,4
Females,07 Balears. Illes,Unemployment rate,2019,8.39,3
Females,07 Balears. Illes,Unemployment rate,2019,15.47,2
Females,07 Balears. Illes,Unemployment rate,2019,19.82,1
Females,07 Balears. Illes,Employment rate,2019,50.97,4
Females,07 Balears. Illes,Employment rate,2019,57.56,3
Females,07 Balears. Illes,Employment rate,2019,51.66,2
Females,07 Balears. Illes,Employment rate,2019,45.45,1
Females,08 Barcelona,Activity rate,2019,57,4
Females,08 Barcelona,Activity rate,2019,57.3,3
Females,08 Barcelona,Activity rate,2019,57.46,2
Females,08 Barcelona,Activity rate,2019,57.35,1
Females,08 Barcelona,Unemployment rate,2019,11.14,4
Females,08 Barcelona,Unemployment rate,2019,12.09,3
Females,08 Barcelona,Unemployment rate,2019,11.1,2
Females,08 Barcelona,Unemployment rate,2019,11.18,1
Females,08 Barcelona,Employment rate,2019,50.65,4
Females,08 Barcelona,Employment rate,2019,50.37,3
Females,08 Barcelona,Employment rate,2019,51.08,2
Females,08 Barcelona,Employment rate,2019,50.94,1
Females,48 Bizkaia,Activity rate,2019,51.89,4
Females,48 Bizkaia,Activity rate,2019,51.95,3
Females,48 Bizkaia,Activity rate,2019,51.35,2
Females,48 Bizkaia,Activity rate,2019,52.18,1
Females,48 Bizkaia,Unemployment rate,2019,10.89,4
Females,48 Bizkaia,Unemployment rate,2019,11.54,3
Females,48 Bizkaia,Unemployment rate,2019,8.61,2
Females,48 Bizkaia,Unemployment rate,2019,11.89,1
Females,48 Bizkaia,Employment rate,2019,46.24,4
Females,48 Bizkaia,Employment rate,2019,45.95,3
Females,48 Bizkaia,Employment rate,2019,46.93,2
Females,48 Bizkaia,Employment rate,2019,45.98,1
Females,09 Burgos,Activity rate,2019,52.66,4
Females,09 Burgos,Activity rate,2019,51.79,3
Females,09 Burgos,Activity rate,2019,50.14,2
Females,09 Burgos,Activity rate,2019,52.13,1
Females,09 Burgos,Unemployment rate,2019,10.76,4
Females,09 Burgos,Unemployment rate,2019,13.77,3
Females,09 Burgos,Unemployment rate,2019,13.33,2
Females,09 Burgos,Unemployment rate,2019,15.86,1
Females,09 Burgos,Employment rate,2019,46.99,4
Females,09 Burgos,Employment rate,2019,44.66,3
Females,09 Burgos,Employment rate,2019,43.46,2
Females,09 Burgos,Employment rate,2019,43.86,1
Females,10 Cáceres,Activity rate,2019,48.73,4
Females,10 Cáceres,Activity rate,2019,48.31,3
Females,10 Cáceres,Activity rate,2019,48.03,2
Females,10 Cáceres,Activity rate,2019,46.64,1
Females,10 Cáceres,Unemployment rate,2019,25.04,4
Females,10 Cáceres,Unemployment rate,2019,24.33,3
Females,10 Cáceres,Unemployment rate,2019,24.09,2
Females,10 Cáceres,Unemployment rate,2019,23.14,1
Females,10 Cáceres,Employment rate,2019,36.53,4
Females,10 Cáceres,Employment rate,2019,36.56,3
Females,10 Cáceres,Employment rate,2019,36.45,2
Females,10 Cáceres,Employment rate,2019,35.85,1
Females,11 Cádiz,Activity rate,2019,46.54,4
Females,11 Cádiz,Activity rate,2019,47.63,3
Females,11 Cádiz,Activity rate,2019,48.33,2
Females,11 Cádiz,Activity rate,2019,46.19,1
Females,11 Cádiz,Unemployment rate,2019,33.12,4
Females,11 Cádiz,Unemployment rate,2019,29.43,3
Females,11 Cádiz,Unemployment rate,2019,31.72,2
Females,11 Cádiz,Unemployment rate,2019,32.5,1
Females,11 Cádiz,Employment rate,2019,31.13,4
Females,11 Cádiz,Employment rate,2019,33.61,3
Females,11 Cádiz,Employment rate,2019,33,2
Females,11 Cádiz,Employment rate,2019,31.18,1
Females,39 Cantabria,Activity rate,2019,51.12,4
Females,39 Cantabria,Activity rate,2019,49.41,3
Females,39 Cantabria,Activity rate,2019,48.04,2
Females,39 Cantabria,Activity rate,2019,48.76,1
Females,39 Cantabria,Unemployment rate,2019,12.13,4
Females,39 Cantabria,Unemployment rate,2019,9.42,3
Females,39 Cantabria,Unemployment rate,2019,9.23,2
Females,39 Cantabria,Unemployment rate,2019,13.26,1
Females,39 Cantabria,Employment rate,2019,44.92,4
Females,39 Cantabria,Employment rate,2019,44.76,3
Females,39 Cantabria,Employment rate,2019,43.61,2
Females,39 Cantabria,Employment rate,2019,42.29,1
Females,12 Castellón/Castelló,Activity rate,2019,54.11,4
Females,12 Castellón/Castelló,Activity rate,2019,52.24,3
Females,12 Castellón/Castelló,Activity rate,2019,50.13,2
Females,12 Castellón/Castelló,Activity rate,2019,51.62,1
Females,12 Castellón/Castelló,Unemployment rate,2019,18.27,4
Females,12 Castellón/Castelló,Unemployment rate,2019,15.67,3
Females,12 Castellón/Castelló,Unemployment rate,2019,17.58,2
Females,12 Castellón/Castelló,Unemployment rate,2019,17.96,1
Females,12 Castellón/Castelló,Employment rate,2019,44.22,4
Females,12 Castellón/Castelló,Employment rate,2019,44.05,3
Females,12 Castellón/Castelló,Employment rate,2019,41.32,2
Females,12 Castellón/Castelló,Employment rate,2019,42.35,1
Females,13 Ciudad Real,Activity rate,2019,50.06,4
Females,13 Ciudad Real,Activity rate,2019,48.74,3
Females,13 Ciudad Real,Activity rate,2019,48.75,2
Females,13 Ciudad Real,Activity rate,2019,48.64,1
Females,13 Ciudad Real,Unemployment rate,2019,27.95,4
Females,13 Ciudad Real,Unemployment rate,2019,24.87,3
Females,13 Ciudad Real,Unemployment rate,2019,24.35,2
Females,13 Ciudad Real,Unemployment rate,2019,25.57,1
Females,13 Ciudad Real,Employment rate,2019,36.06,4
Females,13 Ciudad Real,Employment rate,2019,36.62,3
Females,13 Ciudad Real,Employment rate,2019,36.88,2
Females,13 Ciudad Real,Employment rate,2019,36.2,1
Females,14 Córdoba,Activity rate,2019,49.15,4
Females,14 Córdoba,Activity rate,2019,49.83,3
Females,14 Córdoba,Activity rate,2019,50.1,2
Females,14 Córdoba,Activity rate,2019,49.53,1
Females,14 Córdoba,Unemployment rate,2019,25.95,4
Females,14 Córdoba,Unemployment rate,2019,30.33,3
Females,14 Córdoba,Unemployment rate,2019,28.64,2
Females,14 Córdoba,Unemployment rate,2019,27.63,1
Females,14 Córdoba,Employment rate,2019,36.4,4
Females,14 Córdoba,Employment rate,2019,34.71,3
Females,14 Córdoba,Employment rate,2019,35.75,2
Females,14 Córdoba,Employment rate,2019,35.85,1
Females,15 Coruña. A,Activity rate,2019,50.41,4
Females,15 Coruña. A,Activity rate,2019,50.66,3
Females,15 Coruña. A,Activity rate,2019,50.69,2
Females,15 Coruña. A,Activity rate,2019,50.63,1
Females,15 Coruña. A,Unemployment rate,2019,11.68,4
Females,15 Coruña. A,Unemployment rate,2019,11.95,3
Females,15 Coruña. A,Unemployment rate,2019,10.87,2
Females,15 Coruña. A,Unemployment rate,2019,10.23,1
Females,15 Coruña. A,Employment rate,2019,44.53,4
Females,15 Coruña. A,Employment rate,2019,44.6,3
Females,15 Coruña. A,Employment rate,2019,45.17,2
Females,15 Coruña. A,Employment rate,2019,45.45,1
Females,16 Cuenca,Activity rate,2019,46.64,4
Females,16 Cuenca,Activity rate,2019,49.34,3
Females,16 Cuenca,Activity rate,2019,50.13,2
Females,16 Cuenca,Activity rate,2019,48.6,1
Females,16 Cuenca,Unemployment rate,2019,18.74,4
Females,16 Cuenca,Unemployment rate,2019,15.12,3
Females,16 Cuenca,Unemployment rate,2019,14.9,2
Females,16 Cuenca,Unemployment rate,2019,12.93,1
Females,16 Cuenca,Employment rate,2019,37.9,4
Females,16 Cuenca,Employment rate,2019,41.87,3
Females,16 Cuenca,Employment rate,2019,42.66,2
Females,16 Cuenca,Employment rate,2019,42.32,1
Females,20 Gipuzkoa,Activity rate,2019,52.29,4
Females,20 Gipuzkoa,Activity rate,2019,50.51,3
Females,20 Gipuzkoa,Activity rate,2019,51.03,2
Females,20 Gipuzkoa,Activity rate,2019,52.95,1
Females,20 Gipuzkoa,Unemployment rate,2019,8.09,4
Females,20 Gipuzkoa,Unemployment rate,2019,7.92,3
Females,20 Gipuzkoa,Unemployment rate,2019,5.98,2
Females,20 Gipuzkoa,Unemployment rate,2019,8.01,1
Females,20 Gipuzkoa,Employment rate,2019,48.06,4
Females,20 Gipuzkoa,Employment rate,2019,46.51,3
Females,20 Gipuzkoa,Employment rate,2019,47.98,2
Females,20 Gipuzkoa,Employment rate,2019,48.71,1
Females,17 Girona,Activity rate,2019,59.02,4
Females,17 Girona,Activity rate,2019,60.14,3
Females,17 Girona,Activity rate,2019,58.52,2
Females,17 Girona,Activity rate,2019,56.87,1
Females,17 Girona,Unemployment rate,2019,8.94,4
Females,17 Girona,Unemployment rate,2019,8.83,3
Females,17 Girona,Unemployment rate,2019,10.81,2
Females,17 Girona,Unemployment rate,2019,14.84,1
Females,17 Girona,Employment rate,2019,53.74,4
Females,17 Girona,Employment rate,2019,54.83,3
Females,17 Girona,Employment rate,2019,52.2,2
Females,17 Girona,Employment rate,2019,48.43,1
Females,18 Granada,Activity rate,2019,47.85,4
Females,18 Granada,Activity rate,2019,48.76,3
Females,18 Granada,Activity rate,2019,49.97,2
Females,18 Granada,Activity rate,2019,48.68,1
Females,18 Granada,Unemployment rate,2019,24.02,4
Females,18 Granada,Unemployment rate,2019,26.1,3
Females,18 Granada,Unemployment rate,2019,27.37,2
Females,18 Granada,Unemployment rate,2019,27.71,1
Females,18 Granada,Employment rate,2019,36.36,4
Females,18 Granada,Employment rate,2019,36.03,3
Females,18 Granada,Employment rate,2019,36.3,2
Females,18 Granada,Employment rate,2019,35.19,1
Females,19 Guadalajara,Activity rate,2019,61.25,4
Females,19 Guadalajara,Activity rate,2019,61.03,3
Females,19 Guadalajara,Activity rate,2019,63.56,2
Females,19 Guadalajara,Activity rate,2019,62.02,1
Females,19 Guadalajara,Unemployment rate,2019,16.92,4
Females,19 Guadalajara,Unemployment rate,2019,16.08,3
Females,19 Guadalajara,Unemployment rate,2019,11.25,2
Females,19 Guadalajara,Unemployment rate,2019,12.8,1
Females,19 Guadalajara,Employment rate,2019,50.88,4
Females,19 Guadalajara,Employment rate,2019,51.21,3
Females,19 Guadalajara,Employment rate,2019,56.42,2
Females,19 Guadalajara,Employment rate,2019,54.08,1
Females,21 Huelva,Activity rate,2019,51.74,4
Females,21 Huelva,Activity rate,2019,49.44,3
Females,21 Huelva,Activity rate,2019,53.71,2
Females,21 Huelva,Activity rate,2019,52.58,1
Females,21 Huelva,Unemployment rate,2019,29.55,4
Females,21 Huelva,Unemployment rate,2019,26.97,3
Females,21 Huelva,Unemployment rate,2019,21.2,2
Females,21 Huelva,Unemployment rate,2019,27.97,1
Females,21 Huelva,Employment rate,2019,36.45,4
Females,21 Huelva,Employment rate,2019,36.11,3
Females,21 Huelva,Employment rate,2019,42.32,2
Females,21 Huelva,Employment rate,2019,37.87,1
Females,22 Huesca,Activity rate,2019,53.95,4
Females,22 Huesca,Activity rate,2019,52.6,3
Females,22 Huesca,Activity rate,2019,51.63,2
Females,22 Huesca,Activity rate,2019,49.65,1
Females,22 Huesca,Unemployment rate,2019,9.8,4
Females,22 Huesca,Unemployment rate,2019,9.56,3
Females,22 Huesca,Unemployment rate,2019,9.11,2
Females,22 Huesca,Unemployment rate,2019,9.52,1
Females,22 Huesca,Employment rate,2019,48.66,4
Females,22 Huesca,Employment rate,2019,47.57,3
Females,22 Huesca,Employment rate,2019,46.92,2
Females,22 Huesca,Employment rate,2019,44.92,1
Females,23 Jaén,Activity rate,2019,43.95,4
Females,23 Jaén,Activity rate,2019,44.78,3
Females,23 Jaén,Activity rate,2019,45.31,2
Females,23 Jaén,Activity rate,2019,47.1,1
Females,23 Jaén,Unemployment rate,2019,25.68,4
Females,23 Jaén,Unemployment rate,2019,31.98,3
Females,23 Jaén,Unemployment rate,2019,32.14,2
Females,23 Jaén,Unemployment rate,2019,24.81,1
Females,23 Jaén,Employment rate,2019,32.67,4
Females,23 Jaén,Employment rate,2019,30.46,3
Females,23 Jaén,Employment rate,2019,30.75,2
Females,23 Jaén,Employment rate,2019,35.41,1
Females,24 León,Activity rate,2019,47.82,4
Females,24 León,Activity rate,2019,48.23,3
Females,24 León,Activity rate,2019,47.28,2
Females,24 León,Activity rate,2019,44.91,1
Females,24 León,Unemployment rate,2019,14.45,4
Females,24 León,Unemployment rate,2019,14.13,3
Females,24 León,Unemployment rate,2019,14.07,2
Females,24 León,Unemployment rate,2019,15.49,1
Females,24 León,Employment rate,2019,40.91,4
Females,24 León,Employment rate,2019,41.42,3
Females,24 León,Employment rate,2019,40.62,2
Females,24 León,Employment rate,2019,37.95,1
Females,25 Lleida,Activity rate,2019,60.19,4
Females,25 Lleida,Activity rate,2019,56.06,3
Females,25 Lleida,Activity rate,2019,55.58,2
Females,25 Lleida,Activity rate,2019,55.87,1
Females,25 Lleida,Unemployment rate,2019,11.49,4
Females,25 Lleida,Unemployment rate,2019,7.01,3
Females,25 Lleida,Unemployment rate,2019,9.11,2
Females,25 Lleida,Unemployment rate,2019,11.98,1
Females,25 Lleida,Employment rate,2019,53.27,4
Females,25 Lleida,Employment rate,2019,52.13,3
Females,25 Lleida,Employment rate,2019,50.51,2
Females,25 Lleida,Employment rate,2019,49.18,1
Females,27 Lugo,Activity rate,2019,48.4,4
Females,27 Lugo,Activity rate,2019,48.15,3
Females,27 Lugo,Activity rate,2019,47.61,2
Females,27 Lugo,Activity rate,2019,46.64,1
Females,27 Lugo,Unemployment rate,2019,11.81,4
Females,27 Lugo,Unemployment rate,2019,11.33,3
Females,27 Lugo,Unemployment rate,2019,9.25,2
Females,27 Lugo,Unemployment rate,2019,8.86,1
Females,27 Lugo,Employment rate,2019,42.68,4
Females,27 Lugo,Employment rate,2019,42.69,3
Females,27 Lugo,Employment rate,2019,43.21,2
Females,27 Lugo,Employment rate,2019,42.51,1
Females,28 Madrid,Activity rate,2019,59.21,4
Females,28 Madrid,Activity rate,2019,57.55,3
Females,28 Madrid,Activity rate,2019,58.43,2
Females,28 Madrid,Activity rate,2019,58.25,1
Females,28 Madrid,Unemployment rate,2019,10.6,4
Females,28 Madrid,Unemployment rate,2019,11.17,3
Females,28 Madrid,Unemployment rate,2019,11.32,2
Females,28 Madrid,Unemployment rate,2019,12.82,1
Females,28 Madrid,Employment rate,2019,52.93,4
Females,28 Madrid,Employment rate,2019,51.12,3
Females,28 Madrid,Employment rate,2019,51.82,2
Females,28 Madrid,Employment rate,2019,50.78,1
Females,29 Málaga,Activity rate,2019,51.74,4
Females,29 Málaga,Activity rate,2019,52.32,3
Females,29 Málaga,Activity rate,2019,51.13,2
Females,29 Málaga,Activity rate,2019,51.26,1
Females,29 Málaga,Unemployment rate,2019,19.48,4
Females,29 Málaga,Unemployment rate,2019,20.99,3
Females,29 Málaga,Unemployment rate,2019,19.03,2
Females,29 Málaga,Unemployment rate,2019,20.68,1
Females,29 Málaga,Employment rate,2019,41.66,4
Females,29 Málaga,Employment rate,2019,41.34,3
Females,29 Málaga,Employment rate,2019,41.41,2
Females,29 Málaga,Employment rate,2019,40.66,1
Females,30 Murcia,Activity rate,2019,52.7,4
Females,30 Murcia,Activity rate,2019,52,3
Females,30 Murcia,Activity rate,2019,51.79,2
Females,30 Murcia,Activity rate,2019,51.25,1
Females,30 Murcia,Unemployment rate,2019,19.98,4
Females,30 Murcia,Unemployment rate,2019,16.62,3
Females,30 Murcia,Unemployment rate,2019,16.65,2
Females,30 Murcia,Unemployment rate,2019,19.62,1
Females,30 Murcia,Employment rate,2019,42.17,4
Females,30 Murcia,Employment rate,2019,43.36,3
Females,30 Murcia,Employment rate,2019,43.17,2
Females,30 Murcia,Employment rate,2019,41.19,1
Females,31 Navarra,Activity rate,2019,54.13,4
Females,31 Navarra,Activity rate,2019,54.01,3
Females,31 Navarra,Activity rate,2019,54.29,2
Females,31 Navarra,Activity rate,2019,53.34,1
Females,31 Navarra,Unemployment rate,2019,10.02,4
Females,31 Navarra,Unemployment rate,2019,9.96,3
Females,31 Navarra,Unemployment rate,2019,8.5,2
Females,31 Navarra,Unemployment rate,2019,8.37,1
Females,31 Navarra,Employment rate,2019,48.71,4
Females,31 Navarra,Employment rate,2019,48.63,3
Females,31 Navarra,Employment rate,2019,49.68,2
Females,31 Navarra,Employment rate,2019,48.88,1
Females,32 Ourense,Activity rate,2019,45,4
Females,32 Ourense,Activity rate,2019,44.02,3
Females,32 Ourense,Activity rate,2019,42.9,2
Females,32 Ourense,Activity rate,2019,44.32,1
Females,32 Ourense,Unemployment rate,2019,14.2,4
Females,32 Ourense,Unemployment rate,2019,14.3,3
Females,32 Ourense,Unemployment rate,2019,10.84,2
Females,32 Ourense,Unemployment rate,2019,14.99,1
Females,32 Ourense,Employment rate,2019,38.61,4
Females,32 Ourense,Employment rate,2019,37.73,3
Females,32 Ourense,Employment rate,2019,38.26,2
Females,32 Ourense,Employment rate,2019,37.68,1
Females,34 Palencia,Activity rate,2019,47.42,4
Females,34 Palencia,Activity rate,2019,47.63,3
Females,34 Palencia,Activity rate,2019,46.87,2
Females,34 Palencia,Activity rate,2019,46.33,1
Females,34 Palencia,Unemployment rate,2019,11.28,4
Females,34 Palencia,Unemployment rate,2019,8.62,3
Females,34 Palencia,Unemployment rate,2019,13.85,2
Females,34 Palencia,Unemployment rate,2019,14.66,1
Females,34 Palencia,Employment rate,2019,42.07,4
Females,34 Palencia,Employment rate,2019,43.53,3
Females,34 Palencia,Employment rate,2019,40.38,2
Females,34 Palencia,Employment rate,2019,39.54,1
Females,35 Palmas. Las,Activity rate,2019,56.51,4
Females,35 Palmas. Las,Activity rate,2019,55.73,3
Females,35 Palmas. Las,Activity rate,2019,55.95,2
Females,35 Palmas. Las,Activity rate,2019,55.17,1
Females,35 Palmas. Las,Unemployment rate,2019,21.55,4
Females,35 Palmas. Las,Unemployment rate,2019,26.58,3
Females,35 Palmas. Las,Unemployment rate,2019,24.2,2
Females,35 Palmas. Las,Unemployment rate,2019,22.09,1
Females,35 Palmas. Las,Employment rate,2019,44.33,4
Females,35 Palmas. Las,Employment rate,2019,40.92,3
Females,35 Palmas. Las,Employment rate,2019,42.41,2
Females,35 Palmas. Las,Employment rate,2019,42.98,1
Females,36 Pontevedra,Activity rate,2019,49.01,4
Females,36 Pontevedra,Activity rate,2019,49.87,3
Females,36 Pontevedra,Activity rate,2019,49.33,2
Females,36 Pontevedra,Activity rate,2019,49.37,1
Females,36 Pontevedra,Unemployment rate,2019,15.54,4
Females,36 Pontevedra,Unemployment rate,2019,15.25,3
Females,36 Pontevedra,Unemployment rate,2019,14.64,2
Females,36 Pontevedra,Unemployment rate,2019,16.72,1
Females,36 Pontevedra,Employment rate,2019,41.39,4
Females,36 Pontevedra,Employment rate,2019,42.27,3
Females,36 Pontevedra,Employment rate,2019,42.11,2
Females,36 Pontevedra,Employment rate,2019,41.12,1
Females,26 Rioja. La,Activity rate,2019,54.96,4
Females,26 Rioja. La,Activity rate,2019,53.72,3
Females,26 Rioja. La,Activity rate,2019,55.77,2
Females,26 Rioja. La,Activity rate,2019,55.67,1
Females,26 Rioja. La,Unemployment rate,2019,9.33,4
Females,26 Rioja. La,Unemployment rate,2019,8.05,3
Females,26 Rioja. La,Unemployment rate,2019,9.67,2
Females,26 Rioja. La,Unemployment rate,2019,11.98,1
Females,26 Rioja. La,Employment rate,2019,49.83,4
Females,26 Rioja. La,Employment rate,2019,49.4,3
Females,26 Rioja. La,Employment rate,2019,50.38,2
Females,26 Rioja. La,Employment rate,2019,49,1
Females,37 Salamanca,Activity rate,2019,46.5,4
Females,37 Salamanca,Activity rate,2019,46.62,3
Females,37 Salamanca,Activity rate,2019,45.87,2
Females,37 Salamanca,Activity rate,2019,45.32,1
Females,37 Salamanca,Unemployment rate,2019,16.17,4
Females,37 Salamanca,Unemployment rate,2019,13.81,3
Females,37 Salamanca,Unemployment rate,2019,16.98,2
Females,37 Salamanca,Unemployment rate,2019,15.52,1
Females,37 Salamanca,Employment rate,2019,38.98,4
Females,37 Salamanca,Employment rate,2019,40.18,3
Females,37 Salamanca,Employment rate,2019,38.08,2
Females,37 Salamanca,Employment rate,2019,38.28,1
Females,38 Santa Cruz de Tenerife,Activity rate,2019,55.05,4
Females,38 Santa Cruz de Tenerife,Activity rate,2019,53.5,3
Females,38 Santa Cruz de Tenerife,Activity rate,2019,54.19,2
Females,38 Santa Cruz de Tenerife,Activity rate,2019,55.32,1
Females,38 Santa Cruz de Tenerife,Unemployment rate,2019,18.9,4
Females,38 Santa Cruz de Tenerife,Unemployment rate,2019,21.11,3
Females,38 Santa Cruz de Tenerife,Unemployment rate,2019,18.66,2
Females,38 Santa Cruz de Tenerife,Unemployment rate,2019,21.26,1
Females,38 Santa Cruz de Tenerife,Employment rate,2019,44.64,4
Females,38 Santa Cruz de Tenerife,Employment rate,2019,42.21,3
Females,38 Santa Cruz de Tenerife,Employment rate,2019,44.08,2
Females,38 Santa Cruz de Tenerife,Employment rate,2019,43.56,1
Females,40 Segovia,Activity rate,2019,56.33,4
Females,40 Segovia,Activity rate,2019,53.28,3
Females,40 Segovia,Activity rate,2019,52.01,2
Females,40 Segovia,Activity rate,2019,48.25,1
Females,40 Segovia,Unemployment rate,2019,12.12,4
Females,40 Segovia,Unemployment rate,2019,9.99,3
Females,40 Segovia,Unemployment rate,2019,12.23,2
Females,40 Segovia,Unemployment rate,2019,11.16,1
Females,40 Segovia,Employment rate,2019,49.51,4
Females,40 Segovia,Employment rate,2019,47.96,3
Females,40 Segovia,Employment rate,2019,45.65,2
Females,40 Segovia,Employment rate,2019,42.87,1
Females,41 Sevilla,Activity rate,2019,53.16,4
Females,41 Sevilla,Activity rate,2019,53.04,3
Females,41 Sevilla,Activity rate,2019,53.52,2
Females,41 Sevilla,Activity rate,2019,53.1,1
Females,41 Sevilla,Unemployment rate,2019,22.12,4
Females,41 Sevilla,Unemployment rate,2019,25.09,3
Females,41 Sevilla,Unemployment rate,2019,25.69,2
Females,41 Sevilla,Unemployment rate,2019,25.42,1
Females,41 Sevilla,Employment rate,2019,41.4,4
Females,41 Sevilla,Employment rate,2019,39.74,3
Females,41 Sevilla,Employment rate,2019,39.77,2
Females,41 Sevilla,Employment rate,2019,39.6,1
Females,42 Soria,Activity rate,2019,53.61,4
Females,42 Soria,Activity rate,2019,55.4,3
Females,42 Soria,Activity rate,2019,53.08,2
Females,42 Soria,Activity rate,2019,51.47,1
Females,42 Soria,Unemployment rate,2019,9.66,4
Females,42 Soria,Unemployment rate,2019,8.35,3
Females,42 Soria,Unemployment rate,2019,12.28,2
Females,42 Soria,Unemployment rate,2019,9.12,1
Females,42 Soria,Employment rate,2019,48.43,4
Females,42 Soria,Employment rate,2019,50.77,3
Females,42 Soria,Employment rate,2019,46.56,2
Females,42 Soria,Employment rate,2019,46.78,1
Females,43 Tarragona,Activity rate,2019,52.9,4
Females,43 Tarragona,Activity rate,2019,54.11,3
Females,43 Tarragona,Activity rate,2019,54.05,2
Females,43 Tarragona,Activity rate,2019,52.46,1
Females,43 Tarragona,Unemployment rate,2019,11.53,4
Females,43 Tarragona,Unemployment rate,2019,11.98,3
Females,43 Tarragona,Unemployment rate,2019,15.28,2
Females,43 Tarragona,Unemployment rate,2019,17.79,1
Females,43 Tarragona,Employment rate,2019,46.8,4
Females,43 Tarragona,Employment rate,2019,47.63,3
Females,43 Tarragona,Employment rate,2019,45.79,2
Females,43 Tarragona,Employment rate,2019,43.12,1
Females,44 Teruel,Activity rate,2019,52.08,4
Females,44 Teruel,Activity rate,2019,51.34,3
Females,44 Teruel,Activity rate,2019,51.56,2
Females,44 Teruel,Activity rate,2019,48.81,1
Females,44 Teruel,Unemployment rate,2019,10.09,4
Females,44 Teruel,Unemployment rate,2019,10.83,3
Females,44 Teruel,Unemployment rate,2019,13.53,2
Females,44 Teruel,Unemployment rate,2019,11.88,1
Females,44 Teruel,Employment rate,2019,46.82,4
Females,44 Teruel,Employment rate,2019,45.78,3
Females,44 Teruel,Employment rate,2019,44.58,2
Females,44 Teruel,Employment rate,2019,43.01,1
Females,45 Toledo,Activity rate,2019,52.43,4
Females,45 Toledo,Activity rate,2019,51.57,3
Females,45 Toledo,Activity rate,2019,51.59,2
Females,45 Toledo,Activity rate,2019,52.42,1
Females,45 Toledo,Unemployment rate,2019,21.4,4
Females,45 Toledo,Unemployment rate,2019,21.05,3
Females,45 Toledo,Unemployment rate,2019,23.86,2
Females,45 Toledo,Unemployment rate,2019,22.77,1
Females,45 Toledo,Employment rate,2019,41.21,4
Females,45 Toledo,Employment rate,2019,40.71,3
Females,45 Toledo,Employment rate,2019,39.28,2
Females,45 Toledo,Employment rate,2019,40.48,1
Females,46 Valencia/València,Activity rate,2019,51.54,4
Females,46 Valencia/València,Activity rate,2019,51.84,3
Females,46 Valencia/València,Activity rate,2019,52.38,2
Females,46 Valencia/València,Activity rate,2019,52.77,1
Females,46 Valencia/València,Unemployment rate,2019,15.24,4
Females,46 Valencia/València,Unemployment rate,2019,16.66,3
Females,46 Valencia/València,Unemployment rate,2019,16.32,2
Females,46 Valencia/València,Unemployment rate,2019,15.86,1
Females,46 Valencia/València,Employment rate,2019,43.68,4
Females,46 Valencia/València,Employment rate,2019,43.2,3
Females,46 Valencia/València,Employment rate,2019,43.83,2
Females,46 Valencia/València,Employment rate,2019,44.4,1
Females,47 Valladolid,Activity rate,2019,52.93,4
Females,47 Valladolid,Activity rate,2019,52.09,3
Females,47 Valladolid,Activity rate,2019,52.42,2
Females,47 Valladolid,Activity rate,2019,52.04,1
Females,47 Valladolid,Unemployment rate,2019,11.8,4
Females,47 Valladolid,Unemployment rate,2019,13.81,3
Females,47 Valladolid,Unemployment rate,2019,11.03,2
Females,47 Valladolid,Unemployment rate,2019,12.34,1
Females,47 Valladolid,Employment rate,2019,46.68,4
Females,47 Valladolid,Employment rate,2019,44.9,3
Females,47 Valladolid,Employment rate,2019,46.63,2
Females,47 Valladolid,Employment rate,2019,45.62,1
Females,49 Zamora,Activity rate,2019,44.94,4
Females,49 Zamora,Activity rate,2019,45.66,3
Females,49 Zamora,Activity rate,2019,45.66,2
Females,49 Zamora,Activity rate,2019,43.8,1
Females,49 Zamora,Unemployment rate,2019,17.5,4
Females,49 Zamora,Unemployment rate,2019,14.46,3
Females,49 Zamora,Unemployment rate,2019,16.86,2
Females,49 Zamora,Unemployment rate,2019,16.78,1
Females,49 Zamora,Employment rate,2019,37.07,4
Females,49 Zamora,Employment rate,2019,39.06,3
Females,49 Zamora,Employment rate,2019,37.96,2
Females,49 Zamora,Employment rate,2019,36.45,1
Females,50 Zaragoza,Activity rate,2019,53.81,4
Females,50 Zaragoza,Activity rate,2019,53.82,3
Females,50 Zaragoza,Activity rate,2019,53.91,2
Females,50 Zaragoza,Activity rate,2019,53.41,1
Females,50 Zaragoza,Unemployment rate,2019,11.89,4
Females,50 Zaragoza,Unemployment rate,2019,11.22,3
Females,50 Zaragoza,Unemployment rate,2019,11.87,2
Females,50 Zaragoza,Unemployment rate,2019,12.62,1
Females,50 Zaragoza,Employment rate,2019,47.41,4
Females,50 Zaragoza,Employment rate,2019,47.78,3
Females,50 Zaragoza,Employment rate,2019,47.51,2
Females,50 Zaragoza,Employment rate,2019,46.67,1
Females,51 Ceuta,Activity rate,2019,48.88,4
Females,51 Ceuta,Activity rate,2019,49.49,3
Females,51 Ceuta,Activity rate,2019,46.93,2
Females,51 Ceuta,Activity rate,2019,49.91,1
Females,51 Ceuta,Unemployment rate,2019,30.96,4
Females,51 Ceuta,Unemployment rate,2019,32.54,3
Females,51 Ceuta,Unemployment rate,2019,27.34,2
Females,51 Ceuta,Unemployment rate,2019,27.82,1
Females,51 Ceuta,Employment rate,2019,33.74,4
Females,51 Ceuta,Employment rate,2019,33.39,3
Females,51 Ceuta,Employment rate,2019,34.1,2
Females,51 Ceuta,Employment rate,2019,36.03,1
Females,52 Melilla,Activity rate,2019,52.77,4
Females,52 Melilla,Activity rate,2019,53.08,3
Females,52 Melilla,Activity rate,2019,54.39,2
Females,52 Melilla,Activity rate,2019,54.81,1
Females,52 Melilla,Unemployment rate,2019,33.2,4
Females,52 Melilla,Unemployment rate,2019,36.76,3
Females,52 Melilla,Unemployment rate,2019,30.9,2
Females,52 Melilla,Unemployment rate,2019,30.01,1
Females,52 Melilla,Employment rate,2019,35.25,4
Females,52 Melilla,Employment rate,2019,33.57,3
Females,52 Melilla,Employment rate,2019,37.59,2
Females,52 Melilla,Employment rate,2019,38.37,1
